behavior_cohort_dimension,behavior_cohort_band,trust_classification,agent_delegation_classification,skill_read_presence_classification,window_count,windows_present,min_cohort_size,max_cohort_size,window_signal_count_sum,window_attributed_signal_count_sum,mean_attributed_signal_share,max_agent_delegation_user_count,max_skill_read_user_count,readiness_decisions
agent_delegation_band,AGENT_DELEGATION_ABSENT,ATTRIBUTABLE_TRUST_SIGNAL,AGENT_DELEGATION_ABSENT,SKILL_READ_ABSENT,3,1|2|3,14640,20116,174939,114632,0.6517020625927841,0,0,HOLD_FOR_EVIDENCE_GAPS
agent_delegation_band,AGENT_DELEGATION_ABSENT,ATTRIBUTABLE_TRUST_SIGNAL,AGENT_DELEGATION_ABSENT,SKILL_READ_PRESENT,3,1|2|3,1558,10707,87756,44879,0.5797381282246789,0,10707,CONTINUE_RESEARCH
agent_delegation_band,AGENT_DELEGATION_ABSENT,INSUFFICIENT_TRUST_EVIDENCE,AGENT_DELEGATION_ABSENT,SKILL_READ_ABSENT,3,1|2|3,1646563,1855784,0,0,,0,0,HOLD_FOR_EVIDENCE_GAPS
agent_delegation_band,AGENT_DELEGATION_ABSENT,INSUFFICIENT_TRUST_EVIDENCE,AGENT_DELEGATION_ABSENT,SKILL_READ_PRESENT,3,1|2|3,19564,79112,0,0,,0,79112,CONTINUE_RESEARCH
agent_delegation_band,AGENT_DELEGATION_ABSENT,TRUST_SIGNAL_AVAILABLE_BUT_HELD,AGENT_DELEGATION_ABSENT,SKILL_READ_ABSENT,3,1|2|3,20502,25889,465750,0,0.0,0,0,HOLD_FOR_EVIDENCE_GAPS
agent_delegation_band,AGENT_DELEGATION_ABSENT,TRUST_SIGNAL_AVAILABLE_BUT_HELD,AGENT_DELEGATION_ABSENT,SKILL_READ_PRESENT,3,1|2|3,1730,6046,105095,0,0.0,0,6046,CONTINUE_RESEARCH
agent_delegation_band,AGENT_DELEGATION_ABSENT,TRUST_SIGNAL_WITH_ALIASING,AGENT_DELEGATION_ABSENT,SKILL_READ_ABSENT,3,1|2|3,34790,108266,791996,0,0.0,0,0,HOLD_FOR_EVIDENCE_GAPS
agent_delegation_band,AGENT_DELEGATION_ABSENT,TRUST_SIGNAL_WITH_ALIASING,AGENT_DELEGATION_ABSENT,SKILL_READ_PRESENT,3,1|2|3,2577,58256,384683,0,0.0,0,58256,CONTINUE_RESEARCH
agent_delegation_band,AGENT_DELEGATION_PRESENT,ATTRIBUTABLE_TRUST_SIGNAL,AGENT_DELEGATION_PRESENT,SKILL_READ_ABSENT,3,1|2|3,2757,3779,38504,25181,0.6536697421393387,3779,0,HOLD_FOR_EVIDENCE_GAPS
agent_delegation_band,AGENT_DELEGATION_PRESENT,ATTRIBUTABLE_TRUST_SIGNAL,AGENT_DELEGATION_PRESENT,SKILL_READ_PRESENT,3,1|2|3,381,2484,21135,10662,0.5661609577539745,2484,2484,CONTINUE_RESEARCH
agent_delegation_band,AGENT_DELEGATION_PRESENT,INSUFFICIENT_TRUST_EVIDENCE,AGENT_DELEGATION_PRESENT,SKILL_READ_ABSENT,3,1|2|3,43111,58295,0,0,,58295,0,HOLD_FOR_EVIDENCE_GAPS
agent_delegation_band,AGENT_DELEGATION_PRESENT,INSUFFICIENT_TRUST_EVIDENCE,AGENT_DELEGATION_PRESENT,SKILL_READ_PRESENT,3,1|2|3,3231,10492,0,0,,10492,10492,CONTINUE_RESEARCH
agent_delegation_band,AGENT_DELEGATION_PRESENT,TRUST_SIGNAL_AVAILABLE_BUT_HELD,AGENT_DELEGATION_PRESENT,SKILL_READ_ABSENT,3,1|2|3,1575,3666,54568,0,0.0,3666,0,HOLD_FOR_EVIDENCE_GAPS
agent_delegation_band,AGENT_DELEGATION_PRESENT,TRUST_SIGNAL_AVAILABLE_BUT_HELD,AGENT_DELEGATION_PRESENT,SKILL_READ_PRESENT,3,1|2|3,362,947,14989,0,0.0,947,947,CONTINUE_RESEARCH
agent_delegation_band,AGENT_DELEGATION_PRESENT,TRUST_SIGNAL_WITH_ALIASING,AGENT_DELEGATION_PRESENT,SKILL_READ_ABSENT,3,1|2|3,4827,13521,102144,0,0.0,13521,0,HOLD_FOR_EVIDENCE_GAPS
agent_delegation_band,AGENT_DELEGATION_PRESENT,TRUST_SIGNAL_WITH_ALIASING,AGENT_DELEGATION_PRESENT,SKILL_READ_PRESENT,3,1|2|3,591,10561,70584,0,0.0,10561,10561,CONTINUE_RESEARCH
agent_delegation_band,AGENT_DELEGATION_REPEATED,ATTRIBUTABLE_TRUST_SIGNAL,AGENT_DELEGATION_REPEATED,SKILL_READ_ABSENT,3,1|2|3,8097,16178,231396,116478,0.4932364729125269,16178,0,CONTINUE_RESEARCH
agent_delegation_band,AGENT_DELEGATION_REPEATED,ATTRIBUTABLE_TRUST_SIGNAL,AGENT_DELEGATION_REPEATED,SKILL_READ_PRESENT,3,1|2|3,2047,12106,185787,68834,0.37033751787089725,12106,12106,CONTINUE_RESEARCH
agent_delegation_band,AGENT_DELEGATION_REPEATED,INSUFFICIENT_TRUST_EVIDENCE,AGENT_DELEGATION_REPEATED,SKILL_READ_ABSENT,3,1|2|3,81478,115960,0,0,,115960,0,CONTINUE_RESEARCH
agent_delegation_band,AGENT_DELEGATION_REPEATED,INSUFFICIENT_TRUST_EVIDENCE,AGENT_DELEGATION_REPEATED,SKILL_READ_PRESENT,3,1|2|3,9076,20731,0,0,,20731,20731,CONTINUE_RESEARCH
agent_delegation_band,AGENT_DELEGATION_REPEATED,TRUST_SIGNAL_AVAILABLE_BUT_HELD,AGENT_DELEGATION_REPEATED,SKILL_READ_ABSENT,3,1|2|3,2562,8788,112404,0,0.0,8788,0,CONTINUE_RESEARCH
agent_delegation_band,AGENT_DELEGATION_REPEATED,TRUST_SIGNAL_AVAILABLE_BUT_HELD,AGENT_DELEGATION_REPEATED,SKILL_READ_PRESENT,3,1|2|3,1411,2869,41535,0,0.0,2869,2869,CONTINUE_RESEARCH
agent_delegation_band,AGENT_DELEGATION_REPEATED,TRUST_SIGNAL_WITH_ALIASING,AGENT_DELEGATION_REPEATED,SKILL_READ_ABSENT,3,1|2|3,19338,42610,356565,0,0.0,42610,0,CONTINUE_RESEARCH
agent_delegation_band,AGENT_DELEGATION_REPEATED,TRUST_SIGNAL_WITH_ALIASING,AGENT_DELEGATION_REPEATED,SKILL_READ_PRESENT,3,1|2|3,2281,31039,254931,0,0.0,31039,31039,CONTINUE_RESEARCH
depth_repertoire_band,ACTIVE_BUT_SHALLOW,ATTRIBUTABLE_TRUST_SIGNAL,AGENT_DELEGATION_ABSENT,SKILL_READ_ABSENT,3,1|2|3,2885,5682,44284,33728,0.7422629665655479,0,0,PROMOTE_FOR_BEHAVIOR_COHORT_REVIEW
depth_repertoire_band,ACTIVE_BUT_SHALLOW,ATTRIBUTABLE_TRUST_SIGNAL,AGENT_DELEGATION_ABSENT,SKILL_READ_PRESENT,3,1|2|3,111,2016,9785,7287,0.8337357918222793,0,2016,PROMOTE_FOR_BEHAVIOR_COHORT_REVIEW
depth_repertoire_band,ACTIVE_BUT_SHALLOW,ATTRIBUTABLE_TRUST_SIGNAL,AGENT_DELEGATION_PRESENT,SKILL_READ_ABSENT,3,1|2|3,8,16,37,36,0.9666666666666667,16,0,PROMOTE_FOR_BEHAVIOR_COHORT_REVIEW
depth_repertoire_band,ACTIVE_BUT_SHALLOW,ATTRIBUTABLE_TRUST_SIGNAL,AGENT_DELEGATION_REPEATED,SKILL_READ_ABSENT,2,1|2,7,14,42,38,0.9027777777777777,14,0,PROMOTE_FOR_BEHAVIOR_COHORT_REVIEW
depth_repertoire_band,ACTIVE_BUT_SHALLOW,INSUFFICIENT_TRUST_EVIDENCE,AGENT_DELEGATION_ABSENT,SKILL_READ_ABSENT,3,1|2|3,330851,345852,0,0,,0,0,HOLD_FOR_EVIDENCE_GAPS
depth_repertoire_band,ACTIVE_BUT_SHALLOW,INSUFFICIENT_TRUST_EVIDENCE,AGENT_DELEGATION_ABSENT,SKILL_READ_PRESENT,3,1|2|3,1561,16032,0,0,,0,16032,CONTINUE_RESEARCH
depth_repertoire_band,ACTIVE_BUT_SHALLOW,INSUFFICIENT_TRUST_EVIDENCE,AGENT_DELEGATION_PRESENT,SKILL_READ_ABSENT,3,1|2|3,3789,4376,0,0,,4376,0,HOLD_FOR_EVIDENCE_GAPS
depth_repertoire_band,ACTIVE_BUT_SHALLOW,INSUFFICIENT_TRUST_EVIDENCE,AGENT_DELEGATION_PRESENT,SKILL_READ_PRESENT,2,1|2,15,90,0,0,,90,90,CONTINUE_RESEARCH
depth_repertoire_band,ACTIVE_BUT_SHALLOW,INSUFFICIENT_TRUST_EVIDENCE,AGENT_DELEGATION_REPEATED,SKILL_READ_ABSENT,3,1|2|3,3109,3676,0,0,,3676,0,CONTINUE_RESEARCH
depth_repertoire_band,ACTIVE_BUT_SHALLOW,INSUFFICIENT_TRUST_EVIDENCE,AGENT_DELEGATION_REPEATED,SKILL_READ_PRESENT,3,1|2|3,6,199,0,0,,199,199,CONTINUE_RESEARCH
depth_repertoire_band,ACTIVE_BUT_SHALLOW,TRUST_SIGNAL_AVAILABLE_BUT_HELD,AGENT_DELEGATION_ABSENT,SKILL_READ_ABSENT,3,1|2|3,2718,4151,47831,0,0.0,0,0,HOLD_FOR_EVIDENCE_GAPS
depth_repertoire_band,ACTIVE_BUT_SHALLOW,TRUST_SIGNAL_AVAILABLE_BUT_HELD,AGENT_DELEGATION_ABSENT,SKILL_READ_PRESENT,3,1|2|3,54,216,2763,0,0.0,0,216,CONTINUE_RESEARCH
depth_repertoire_band,ACTIVE_BUT_SHALLOW,TRUST_SIGNAL_AVAILABLE_BUT_HELD,AGENT_DELEGATION_PRESENT,SKILL_READ_ABSENT,3,1|2|3,34,50,196,0,0.0,50,0,HOLD_FOR_EVIDENCE_GAPS
depth_repertoire_band,ACTIVE_BUT_SHALLOW,TRUST_SIGNAL_AVAILABLE_BUT_HELD,AGENT_DELEGATION_PRESENT,SKILL_READ_PRESENT,1,1,5,5,6,0,0.0,5,5,CONTINUE_RESEARCH
depth_repertoire_band,ACTIVE_BUT_SHALLOW,TRUST_SIGNAL_AVAILABLE_BUT_HELD,AGENT_DELEGATION_REPEATED,SKILL_READ_ABSENT,3,1|2|3,38,76,609,0,0.0,76,0,CONTINUE_RESEARCH
depth_repertoire_band,ACTIVE_BUT_SHALLOW,TRUST_SIGNAL_AVAILABLE_BUT_HELD,AGENT_DELEGATION_REPEATED,SKILL_READ_PRESENT,1,1,5,5,16,0,0.0,5,5,CONTINUE_RESEARCH
depth_repertoire_band,ACTIVE_BUT_SHALLOW,TRUST_SIGNAL_WITH_ALIASING,AGENT_DELEGATION_ABSENT,SKILL_READ_ABSENT,3,1|2|3,8074,14731,133951,0,0.0,0,0,HOLD_FOR_EVIDENCE_GAPS
depth_repertoire_band,ACTIVE_BUT_SHALLOW,TRUST_SIGNAL_WITH_ALIASING,AGENT_DELEGATION_ABSENT,SKILL_READ_PRESENT,3,1|2|3,22,4929,23576,0,0.0,0,4929,CONTINUE_RESEARCH
depth_repertoire_band,ACTIVE_BUT_SHALLOW,TRUST_SIGNAL_WITH_ALIASING,AGENT_DELEGATION_PRESENT,SKILL_READ_ABSENT,3,1|2|3,28,162,563,0,0.0,162,0,HOLD_FOR_EVIDENCE_GAPS
depth_repertoire_band,ACTIVE_BUT_SHALLOW,TRUST_SIGNAL_WITH_ALIASING,AGENT_DELEGATION_PRESENT,SKILL_READ_PRESENT,1,1,11,11,76,0,0.0,11,11,CONTINUE_RESEARCH
depth_repertoire_band,ACTIVE_BUT_SHALLOW,TRUST_SIGNAL_WITH_ALIASING,AGENT_DELEGATION_REPEATED,SKILL_READ_ABSENT,3,1|2|3,49,230,1784,0,0.0,230,0,CONTINUE_RESEARCH
depth_repertoire_band,ACTIVE_BUT_SHALLOW,TRUST_SIGNAL_WITH_ALIASING,AGENT_DELEGATION_REPEATED,SKILL_READ_PRESENT,1,1,36,36,213,0,0.0,36,36,CONTINUE_RESEARCH
depth_repertoire_band,FOCUSED_INTEGRATION,INSUFFICIENT_TRUST_EVIDENCE,AGENT_DELEGATION_ABSENT,SKILL_READ_ABSENT,3,1|2|3,925114,962938,0,0,,0,0,HOLD_FOR_EVIDENCE_GAPS
depth_repertoire_band,FOCUSED_INTEGRATION,INSUFFICIENT_TRUST_EVIDENCE,AGENT_DELEGATION_ABSENT,SKILL_READ_PRESENT,3,1|2|3,100,383,0,0,,0,383,CONTINUE_RESEARCH
depth_repertoire_band,FOCUSED_INTEGRATION,INSUFFICIENT_TRUST_EVIDENCE,AGENT_DELEGATION_REPEATED,SKILL_READ_ABSENT,3,1|2|3,70,924,0,0,,924,0,CONTINUE_RESEARCH
depth_repertoire_band,FOCUSED_INTEGRATION,TRUST_SIGNAL_AVAILABLE_BUT_HELD,AGENT_DELEGATION_ABSENT,SKILL_READ_ABSENT,3,1|2|3,135,241,5274,0,0.0,0,0,HOLD_FOR_EVIDENCE_GAPS
depth_repertoire_band,INTEGRATED_REPERTOIRE,ATTRIBUTABLE_TRUST_SIGNAL,AGENT_DELEGATION_ABSENT,SKILL_READ_ABSENT,3,1|2|3,10178,14438,130655,80904,0.616189224482111,0,0,PROMOTE_FOR_BEHAVIOR_COHORT_REVIEW
depth_repertoire_band,INTEGRATED_REPERTOIRE,ATTRIBUTABLE_TRUST_SIGNAL,AGENT_DELEGATION_ABSENT,SKILL_READ_PRESENT,3,1|2|3,1447,8691,77971,37592,0.5534892186521819,0,8691,PROMOTE_FOR_BEHAVIOR_COHORT_REVIEW
depth_repertoire_band,INTEGRATED_REPERTOIRE,ATTRIBUTABLE_TRUST_SIGNAL,AGENT_DELEGATION_PRESENT,SKILL_READ_ABSENT,3,1|2|3,2749,3771,38467,25145,0.6533607168665667,3771,0,PROMOTE_FOR_BEHAVIOR_COHORT_REVIEW
depth_repertoire_band,INTEGRATED_REPERTOIRE,ATTRIBUTABLE_TRUST_SIGNAL,AGENT_DELEGATION_PRESENT,SKILL_READ_PRESENT,3,1|2|3,381,2484,21135,10662,0.5661609577539745,2484,2484,PROMOTE_FOR_BEHAVIOR_COHORT_REVIEW
depth_repertoire_band,INTEGRATED_REPERTOIRE,ATTRIBUTABLE_TRUST_SIGNAL,AGENT_DELEGATION_REPEATED,SKILL_READ_ABSENT,3,1|2|3,8095,16164,231341,116429,0.49314448271928607,16164,0,PROMOTE_FOR_BEHAVIOR_COHORT_REVIEW
depth_repertoire_band,INTEGRATED_REPERTOIRE,ATTRIBUTABLE_TRUST_SIGNAL,AGENT_DELEGATION_REPEATED,SKILL_READ_PRESENT,3,1|2|3,2047,12106,185787,68834,0.37033751787089725,12106,12106,PROMOTE_FOR_BEHAVIOR_COHORT_REVIEW
depth_repertoire_band,INTEGRATED_REPERTOIRE,INSUFFICIENT_TRUST_EVIDENCE,AGENT_DELEGATION_ABSENT,SKILL_READ_ABSENT,3,1|2|3,311399,413451,0,0,,0,0,HOLD_FOR_EVIDENCE_GAPS
depth_repertoire_band,INTEGRATED_REPERTOIRE,INSUFFICIENT_TRUST_EVIDENCE,AGENT_DELEGATION_ABSENT,SKILL_READ_PRESENT,3,1|2|3,17859,62509,0,0,,0,62509,CONTINUE_RESEARCH
depth_repertoire_band,INTEGRATED_REPERTOIRE,INSUFFICIENT_TRUST_EVIDENCE,AGENT_DELEGATION_PRESENT,SKILL_READ_ABSENT,3,1|2|3,38727,54444,0,0,,54444,0,HOLD_FOR_EVIDENCE_GAPS
depth_repertoire_band,INTEGRATED_REPERTOIRE,INSUFFICIENT_TRUST_EVIDENCE,AGENT_DELEGATION_PRESENT,SKILL_READ_PRESENT,3,1|2|3,3229,10402,0,0,,10402,10402,CONTINUE_RESEARCH
depth_repertoire_band,INTEGRATED_REPERTOIRE,INSUFFICIENT_TRUST_EVIDENCE,AGENT_DELEGATION_REPEATED,SKILL_READ_ABSENT,3,1|2|3,77732,111939,0,0,,111939,0,CONTINUE_RESEARCH
depth_repertoire_band,INTEGRATED_REPERTOIRE,INSUFFICIENT_TRUST_EVIDENCE,AGENT_DELEGATION_REPEATED,SKILL_READ_PRESENT,3,1|2|3,9070,20530,0,0,,20530,20530,CONTINUE_RESEARCH
depth_repertoire_band,INTEGRATED_REPERTOIRE,TRUST_SIGNAL_AVAILABLE_BUT_HELD,AGENT_DELEGATION_ABSENT,SKILL_READ_ABSENT,3,1|2|3,17645,21976,412625,0,0.0,0,0,HOLD_FOR_EVIDENCE_GAPS
depth_repertoire_band,INTEGRATED_REPERTOIRE,TRUST_SIGNAL_AVAILABLE_BUT_HELD,AGENT_DELEGATION_ABSENT,SKILL_READ_PRESENT,3,1|2|3,1676,5915,102332,0,0.0,0,5915,CONTINUE_RESEARCH
depth_repertoire_band,INTEGRATED_REPERTOIRE,TRUST_SIGNAL_AVAILABLE_BUT_HELD,AGENT_DELEGATION_PRESENT,SKILL_READ_ABSENT,3,1|2|3,1525,3632,54372,0,0.0,3632,0,HOLD_FOR_EVIDENCE_GAPS
depth_repertoire_band,INTEGRATED_REPERTOIRE,TRUST_SIGNAL_AVAILABLE_BUT_HELD,AGENT_DELEGATION_PRESENT,SKILL_READ_PRESENT,3,1|2|3,362,947,14983,0,0.0,947,947,CONTINUE_RESEARCH
depth_repertoire_band,INTEGRATED_REPERTOIRE,TRUST_SIGNAL_AVAILABLE_BUT_HELD,AGENT_DELEGATION_REPEATED,SKILL_READ_ABSENT,3,1|2|3,2486,8750,111795,0,0.0,8750,0,CONTINUE_RESEARCH
depth_repertoire_band,INTEGRATED_REPERTOIRE,TRUST_SIGNAL_AVAILABLE_BUT_HELD,AGENT_DELEGATION_REPEATED,SKILL_READ_PRESENT,3,1|2|3,1410,2869,41137,0,0.0,2869,2869,CONTINUE_RESEARCH
depth_repertoire_band,INTEGRATED_REPERTOIRE,TRUST_SIGNAL_WITH_ALIASING,AGENT_DELEGATION_ABSENT,SKILL_READ_ABSENT,3,1|2|3,26713,93534,658036,0,0.0,0,0,HOLD_FOR_EVIDENCE_GAPS
depth_repertoire_band,INTEGRATED_REPERTOIRE,TRUST_SIGNAL_WITH_ALIASING,AGENT_DELEGATION_ABSENT,SKILL_READ_PRESENT,3,1|2|3,2555,53327,361107,0,0.0,0,53327,CONTINUE_RESEARCH
depth_repertoire_band,INTEGRATED_REPERTOIRE,TRUST_SIGNAL_WITH_ALIASING,AGENT_DELEGATION_PRESENT,SKILL_READ_ABSENT,3,1|2|3,4755,13359,101581,0,0.0,13359,0,HOLD_FOR_EVIDENCE_GAPS
depth_repertoire_band,INTEGRATED_REPERTOIRE,TRUST_SIGNAL_WITH_ALIASING,AGENT_DELEGATION_PRESENT,SKILL_READ_PRESENT,3,1|2|3,591,10550,70508,0,0.0,10550,10550,CONTINUE_RESEARCH
depth_repertoire_band,INTEGRATED_REPERTOIRE,TRUST_SIGNAL_WITH_ALIASING,AGENT_DELEGATION_REPEATED,SKILL_READ_ABSENT,3,1|2|3,19288,42379,354517,0,0.0,42379,0,CONTINUE_RESEARCH
depth_repertoire_band,INTEGRATED_REPERTOIRE,TRUST_SIGNAL_WITH_ALIASING,AGENT_DELEGATION_REPEATED,SKILL_READ_PRESENT,3,1|2|3,2281,31003,254718,0,0.0,31003,31003,CONTINUE_RESEARCH
depth_repertoire_band,UNSTABLE_OR_INSUFFICIENT,INSUFFICIENT_TRUST_EVIDENCE,AGENT_DELEGATION_ABSENT,SKILL_READ_ABSENT,3,1|2|3,70078,180020,0,0,,0,0,HOLD_FOR_EVIDENCE_GAPS
depth_repertoire_band,UNSTABLE_OR_INSUFFICIENT,INSUFFICIENT_TRUST_EVIDENCE,AGENT_DELEGATION_ABSENT,SKILL_READ_PRESENT,3,1|2|3,44,188,0,0,,0,188,CONTINUE_RESEARCH
depth_repertoire_band,UNSTABLE_OR_INSUFFICIENT,INSUFFICIENT_TRUST_EVIDENCE,AGENT_DELEGATION_PRESENT,SKILL_READ_ABSENT,3,1|2|3,8,38,0,0,,38,0,HOLD_FOR_EVIDENCE_GAPS
depth_repertoire_band,UNSTABLE_OR_INSUFFICIENT,TRUST_SIGNAL_AVAILABLE_BUT_HELD,AGENT_DELEGATION_ABSENT,SKILL_READ_ABSENT,1,2,8,8,8,0,0.0,0,0,HOLD_FOR_EVIDENCE_GAPS
skill_read_presence_band,SKILL_READ_ABSENT,ATTRIBUTABLE_TRUST_SIGNAL,AGENT_DELEGATION_ABSENT,SKILL_READ_ABSENT,3,1|2|3,14640,20116,174939,114632,0.6517020625927841,0,0,HOLD_FOR_EVIDENCE_GAPS
skill_read_presence_band,SKILL_READ_ABSENT,ATTRIBUTABLE_TRUST_SIGNAL,AGENT_DELEGATION_PRESENT,SKILL_READ_ABSENT,3,1|2|3,2757,3779,38504,25181,0.6536697421393387,3779,0,HOLD_FOR_EVIDENCE_GAPS
skill_read_presence_band,SKILL_READ_ABSENT,ATTRIBUTABLE_TRUST_SIGNAL,AGENT_DELEGATION_REPEATED,SKILL_READ_ABSENT,3,1|2|3,8097,16178,231396,116478,0.4932364729125269,16178,0,CONTINUE_RESEARCH
skill_read_presence_band,SKILL_READ_ABSENT,INSUFFICIENT_TRUST_EVIDENCE,AGENT_DELEGATION_ABSENT,SKILL_READ_ABSENT,3,1|2|3,1646563,1855784,0,0,,0,0,HOLD_FOR_EVIDENCE_GAPS
skill_read_presence_band,SKILL_READ_ABSENT,INSUFFICIENT_TRUST_EVIDENCE,AGENT_DELEGATION_PRESENT,SKILL_READ_ABSENT,3,1|2|3,43111,58295,0,0,,58295,0,HOLD_FOR_EVIDENCE_GAPS
skill_read_presence_band,SKILL_READ_ABSENT,INSUFFICIENT_TRUST_EVIDENCE,AGENT_DELEGATION_REPEATED,SKILL_READ_ABSENT,3,1|2|3,81478,115960,0,0,,115960,0,CONTINUE_RESEARCH
skill_read_presence_band,SKILL_READ_ABSENT,TRUST_SIGNAL_AVAILABLE_BUT_HELD,AGENT_DELEGATION_ABSENT,SKILL_READ_ABSENT,3,1|2|3,20502,25889,465750,0,0.0,0,0,HOLD_FOR_EVIDENCE_GAPS
skill_read_presence_band,SKILL_READ_ABSENT,TRUST_SIGNAL_AVAILABLE_BUT_HELD,AGENT_DELEGATION_PRESENT,SKILL_READ_ABSENT,3,1|2|3,1575,3666,54568,0,0.0,3666,0,HOLD_FOR_EVIDENCE_GAPS
skill_read_presence_band,SKILL_READ_ABSENT,TRUST_SIGNAL_AVAILABLE_BUT_HELD,AGENT_DELEGATION_REPEATED,SKILL_READ_ABSENT,3,1|2|3,2562,8788,112404,0,0.0,8788,0,CONTINUE_RESEARCH
skill_read_presence_band,SKILL_READ_ABSENT,TRUST_SIGNAL_WITH_ALIASING,AGENT_DELEGATION_ABSENT,SKILL_READ_ABSENT,3,1|2|3,34790,108266,791996,0,0.0,0,0,HOLD_FOR_EVIDENCE_GAPS
skill_read_presence_band,SKILL_READ_ABSENT,TRUST_SIGNAL_WITH_ALIASING,AGENT_DELEGATION_PRESENT,SKILL_READ_ABSENT,3,1|2|3,4827,13521,102144,0,0.0,13521,0,HOLD_FOR_EVIDENCE_GAPS
skill_read_presence_band,SKILL_READ_ABSENT,TRUST_SIGNAL_WITH_ALIASING,AGENT_DELEGATION_REPEATED,SKILL_READ_ABSENT,3,1|2|3,19338,42610,356565,0,0.0,42610,0,CONTINUE_RESEARCH
skill_read_presence_band,SKILL_READ_PRESENT,ATTRIBUTABLE_TRUST_SIGNAL,AGENT_DELEGATION_ABSENT,SKILL_READ_PRESENT,3,1|2|3,1558,10707,87756,44879,0.5797381282246789,0,10707,CONTINUE_RESEARCH
skill_read_presence_band,SKILL_READ_PRESENT,ATTRIBUTABLE_TRUST_SIGNAL,AGENT_DELEGATION_PRESENT,SKILL_READ_PRESENT,3,1|2|3,381,2484,21135,10662,0.5661609577539745,2484,2484,CONTINUE_RESEARCH
skill_read_presence_band,SKILL_READ_PRESENT,ATTRIBUTABLE_TRUST_SIGNAL,AGENT_DELEGATION_REPEATED,SKILL_READ_PRESENT,3,1|2|3,2047,12106,185787,68834,0.37033751787089725,12106,12106,CONTINUE_RESEARCH
skill_read_presence_band,SKILL_READ_PRESENT,INSUFFICIENT_TRUST_EVIDENCE,AGENT_DELEGATION_ABSENT,SKILL_READ_PRESENT,3,1|2|3,19564,79112,0,0,,0,79112,CONTINUE_RESEARCH
skill_read_presence_band,SKILL_READ_PRESENT,INSUFFICIENT_TRUST_EVIDENCE,AGENT_DELEGATION_PRESENT,SKILL_READ_PRESENT,3,1|2|3,3231,10492,0,0,,10492,10492,CONTINUE_RESEARCH
skill_read_presence_band,SKILL_READ_PRESENT,INSUFFICIENT_TRUST_EVIDENCE,AGENT_DELEGATION_REPEATED,SKILL_READ_PRESENT,3,1|2|3,9076,20731,0,0,,20731,20731,CONTINUE_RESEARCH
skill_read_presence_band,SKILL_READ_PRESENT,TRUST_SIGNAL_AVAILABLE_BUT_HELD,AGENT_DELEGATION_ABSENT,SKILL_READ_PRESENT,3,1|2|3,1730,6046,105095,0,0.0,0,6046,CONTINUE_RESEARCH
skill_read_presence_band,SKILL_READ_PRESENT,TRUST_SIGNAL_AVAILABLE_BUT_HELD,AGENT_DELEGATION_PRESENT,SKILL_READ_PRESENT,3,1|2|3,362,947,14989,0,0.0,947,947,CONTINUE_RESEARCH
skill_read_presence_band,SKILL_READ_PRESENT,TRUST_SIGNAL_AVAILABLE_BUT_HELD,AGENT_DELEGATION_REPEATED,SKILL_READ_PRESENT,3,1|2|3,1411,2869,41535,0,0.0,2869,2869,CONTINUE_RESEARCH
skill_read_presence_band,SKILL_READ_PRESENT,TRUST_SIGNAL_WITH_ALIASING,AGENT_DELEGATION_ABSENT,SKILL_READ_PRESENT,3,1|2|3,2577,58256,384683,0,0.0,0,58256,CONTINUE_RESEARCH
skill_read_presence_band,SKILL_READ_PRESENT,TRUST_SIGNAL_WITH_ALIASING,AGENT_DELEGATION_PRESENT,SKILL_READ_PRESENT,3,1|2|3,591,10561,70584,0,0.0,10561,10561,CONTINUE_RESEARCH
skill_read_presence_band,SKILL_READ_PRESENT,TRUST_SIGNAL_WITH_ALIASING,AGENT_DELEGATION_REPEATED,SKILL_READ_PRESENT,3,1|2|3,2281,31039,254931,0,0.0,31039,31039,CONTINUE_RESEARCH
velocity_band,HIGH_VELOCITY,ATTRIBUTABLE_TRUST_SIGNAL,AGENT_DELEGATION_ABSENT,SKILL_READ_ABSENT,3,1|2|3,8861,12881,133748,80761,0.6014675645598239,0,0,PROMOTE_FOR_BEHAVIOR_COHORT_REVIEW
velocity_band,HIGH_VELOCITY,ATTRIBUTABLE_TRUST_SIGNAL,AGENT_DELEGATION_ABSENT,SKILL_READ_PRESENT,3,1|2|3,1420,8655,80295,38956,0.5579311415868696,0,8655,PROMOTE_FOR_BEHAVIOR_COHORT_REVIEW
velocity_band,HIGH_VELOCITY,ATTRIBUTABLE_TRUST_SIGNAL,AGENT_DELEGATION_PRESENT,SKILL_READ_ABSENT,3,1|2|3,1946,2707,31546,19706,0.627298521145798,2707,0,PROMOTE_FOR_BEHAVIOR_COHORT_REVIEW
velocity_band,HIGH_VELOCITY,ATTRIBUTABLE_TRUST_SIGNAL,AGENT_DELEGATION_PRESENT,SKILL_READ_PRESENT,3,1|2|3,349,2146,19781,9608,0.5521273913246175,2146,2146,PROMOTE_FOR_BEHAVIOR_COHORT_REVIEW
velocity_band,HIGH_VELOCITY,ATTRIBUTABLE_TRUST_SIGNAL,AGENT_DELEGATION_REPEATED,SKILL_READ_ABSENT,3,1|2|3,7128,13114,211799,103494,0.4794874929874428,13114,0,PROMOTE_FOR_BEHAVIOR_COHORT_REVIEW
velocity_band,HIGH_VELOCITY,ATTRIBUTABLE_TRUST_SIGNAL,AGENT_DELEGATION_REPEATED,SKILL_READ_PRESENT,3,1|2|3,2001,11475,182682,66731,0.3655701937419929,11475,11475,PROMOTE_FOR_BEHAVIOR_COHORT_REVIEW
velocity_band,HIGH_VELOCITY,INSUFFICIENT_TRUST_EVIDENCE,AGENT_DELEGATION_ABSENT,SKILL_READ_ABSENT,3,1|2|3,326418,465242,0,0,,0,0,HOLD_FOR_EVIDENCE_GAPS
velocity_band,HIGH_VELOCITY,INSUFFICIENT_TRUST_EVIDENCE,AGENT_DELEGATION_ABSENT,SKILL_READ_PRESENT,3,1|2|3,16290,53457,0,0,,0,53457,CONTINUE_RESEARCH
velocity_band,HIGH_VELOCITY,INSUFFICIENT_TRUST_EVIDENCE,AGENT_DELEGATION_PRESENT,SKILL_READ_ABSENT,3,1|2|3,16268,33016,0,0,,33016,0,HOLD_FOR_EVIDENCE_GAPS
velocity_band,HIGH_VELOCITY,INSUFFICIENT_TRUST_EVIDENCE,AGENT_DELEGATION_PRESENT,SKILL_READ_PRESENT,3,1|2|3,2888,7964,0,0,,7964,7964,CONTINUE_RESEARCH
velocity_band,HIGH_VELOCITY,INSUFFICIENT_TRUST_EVIDENCE,AGENT_DELEGATION_REPEATED,SKILL_READ_ABSENT,3,1|2|3,40264,74874,0,0,,74874,0,CONTINUE_RESEARCH
velocity_band,HIGH_VELOCITY,INSUFFICIENT_TRUST_EVIDENCE,AGENT_DELEGATION_REPEATED,SKILL_READ_PRESENT,3,1|2|3,8543,18559,0,0,,18559,18559,CONTINUE_RESEARCH
velocity_band,HIGH_VELOCITY,TRUST_SIGNAL_AVAILABLE_BUT_HELD,AGENT_DELEGATION_ABSENT,SKILL_READ_ABSENT,3,1|2|3,16249,21739,438430,0,0.0,0,0,HOLD_FOR_EVIDENCE_GAPS
velocity_band,HIGH_VELOCITY,TRUST_SIGNAL_AVAILABLE_BUT_HELD,AGENT_DELEGATION_ABSENT,SKILL_READ_PRESENT,3,1|2|3,1669,5847,103807,0,0.0,0,5847,CONTINUE_RESEARCH
velocity_band,HIGH_VELOCITY,TRUST_SIGNAL_AVAILABLE_BUT_HELD,AGENT_DELEGATION_PRESENT,SKILL_READ_ABSENT,3,1|2|3,1176,3104,51921,0,0.0,3104,0,HOLD_FOR_EVIDENCE_GAPS
velocity_band,HIGH_VELOCITY,TRUST_SIGNAL_AVAILABLE_BUT_HELD,AGENT_DELEGATION_PRESENT,SKILL_READ_PRESENT,3,1|2|3,354,920,14820,0,0.0,920,920,CONTINUE_RESEARCH
velocity_band,HIGH_VELOCITY,TRUST_SIGNAL_AVAILABLE_BUT_HELD,AGENT_DELEGATION_REPEATED,SKILL_READ_ABSENT,3,1|2|3,1919,7784,107525,0,0.0,7784,0,CONTINUE_RESEARCH
velocity_band,HIGH_VELOCITY,TRUST_SIGNAL_AVAILABLE_BUT_HELD,AGENT_DELEGATION_REPEATED,SKILL_READ_PRESENT,3,1|2|3,1390,2828,41291,0,0.0,2828,2828,CONTINUE_RESEARCH
velocity_band,HIGH_VELOCITY,TRUST_SIGNAL_WITH_ALIASING,AGENT_DELEGATION_ABSENT,SKILL_READ_ABSENT,3,1|2|3,24106,78420,635411,0,0.0,0,0,HOLD_FOR_EVIDENCE_GAPS
velocity_band,HIGH_VELOCITY,TRUST_SIGNAL_WITH_ALIASING,AGENT_DELEGATION_ABSENT,SKILL_READ_PRESENT,3,1|2|3,2489,52393,366852,0,0.0,0,52393,CONTINUE_RESEARCH
velocity_band,HIGH_VELOCITY,TRUST_SIGNAL_WITH_ALIASING,AGENT_DELEGATION_PRESENT,SKILL_READ_ABSENT,3,1|2|3,3398,9685,86135,0,0.0,9685,0,HOLD_FOR_EVIDENCE_GAPS
velocity_band,HIGH_VELOCITY,TRUST_SIGNAL_WITH_ALIASING,AGENT_DELEGATION_PRESENT,SKILL_READ_PRESENT,3,1|2|3,575,9735,68307,0,0.0,9735,9735,CONTINUE_RESEARCH
velocity_band,HIGH_VELOCITY,TRUST_SIGNAL_WITH_ALIASING,AGENT_DELEGATION_REPEATED,SKILL_READ_ABSENT,3,1|2|3,15950,33146,320347,0,0.0,33146,0,CONTINUE_RESEARCH
velocity_band,HIGH_VELOCITY,TRUST_SIGNAL_WITH_ALIASING,AGENT_DELEGATION_REPEATED,SKILL_READ_PRESENT,3,1|2|3,2247,29643,251043,0,0.0,29643,29643,CONTINUE_RESEARCH
velocity_band,LOW_VELOCITY,ATTRIBUTABLE_TRUST_SIGNAL,AGENT_DELEGATION_ABSENT,SKILL_READ_ABSENT,3,1|2|3,378,1333,4011,3799,0.9545919255330372,0,0,PROMOTE_FOR_BEHAVIOR_COHORT_REVIEW
velocity_band,LOW_VELOCITY,ATTRIBUTABLE_TRUST_SIGNAL,AGENT_DELEGATION_ABSENT,SKILL_READ_PRESENT,3,1|2|3,6,124,264,247,0.9740061162079511,0,124,PROMOTE_FOR_BEHAVIOR_COHORT_REVIEW
velocity_band,LOW_VELOCITY,ATTRIBUTABLE_TRUST_SIGNAL,AGENT_DELEGATION_PRESENT,SKILL_READ_ABSENT,3,1|2|3,56,177,457,421,0.9413586380498146,177,0,PROMOTE_FOR_BEHAVIOR_COHORT_REVIEW
velocity_band,LOW_VELOCITY,ATTRIBUTABLE_TRUST_SIGNAL,AGENT_DELEGATION_PRESENT,SKILL_READ_PRESENT,1,1,14,14,36,32,0.8888888888888888,14,14,PROMOTE_FOR_BEHAVIOR_COHORT_REVIEW
velocity_band,LOW_VELOCITY,ATTRIBUTABLE_TRUST_SIGNAL,AGENT_DELEGATION_REPEATED,SKILL_READ_ABSENT,3,1|2|3,26,243,610,506,0.8603610371362688,243,0,PROMOTE_FOR_BEHAVIOR_COHORT_REVIEW
velocity_band,LOW_VELOCITY,ATTRIBUTABLE_TRUST_SIGNAL,AGENT_DELEGATION_REPEATED,SKILL_READ_PRESENT,1,1,5,5,10,7,0.7,5,5,PROMOTE_FOR_BEHAVIOR_COHORT_REVIEW
velocity_band,LOW_VELOCITY,INSUFFICIENT_TRUST_EVIDENCE,AGENT_DELEGATION_ABSENT,SKILL_READ_ABSENT,3,1|2|3,711471,744772,0,0,,0,0,HOLD_FOR_EVIDENCE_GAPS
velocity_band,LOW_VELOCITY,INSUFFICIENT_TRUST_EVIDENCE,AGENT_DELEGATION_ABSENT,SKILL_READ_PRESENT,3,1|2|3,377,3918,0,0,,0,3918,CONTINUE_RESEARCH
velocity_band,LOW_VELOCITY,INSUFFICIENT_TRUST_EVIDENCE,AGENT_DELEGATION_PRESENT,SKILL_READ_ABSENT,3,1|2|3,6763,10133,0,0,,10133,0,HOLD_FOR_EVIDENCE_GAPS
velocity_band,LOW_VELOCITY,INSUFFICIENT_TRUST_EVIDENCE,AGENT_DELEGATION_PRESENT,SKILL_READ_PRESENT,3,1|2|3,15,230,0,0,,230,230,CONTINUE_RESEARCH
velocity_band,LOW_VELOCITY,INSUFFICIENT_TRUST_EVIDENCE,AGENT_DELEGATION_REPEATED,SKILL_READ_ABSENT,3,1|2|3,5646,8771,0,0,,8771,0,CONTINUE_RESEARCH
velocity_band,LOW_VELOCITY,INSUFFICIENT_TRUST_EVIDENCE,AGENT_DELEGATION_REPEATED,SKILL_READ_PRESENT,3,1|2|3,6,167,0,0,,167,167,CONTINUE_RESEARCH
velocity_band,LOW_VELOCITY,TRUST_SIGNAL_AVAILABLE_BUT_HELD,AGENT_DELEGATION_ABSENT,SKILL_READ_ABSENT,3,1|2|3,537,655,2754,0,0.0,0,0,HOLD_FOR_EVIDENCE_GAPS
velocity_band,LOW_VELOCITY,TRUST_SIGNAL_AVAILABLE_BUT_HELD,AGENT_DELEGATION_ABSENT,SKILL_READ_PRESENT,1,1,18,18,25,0,0.0,0,18,CONTINUE_RESEARCH
velocity_band,LOW_VELOCITY,TRUST_SIGNAL_AVAILABLE_BUT_HELD,AGENT_DELEGATION_PRESENT,SKILL_READ_ABSENT,3,1|2|3,40,66,255,0,0.0,66,0,HOLD_FOR_EVIDENCE_GAPS
velocity_band,LOW_VELOCITY,TRUST_SIGNAL_AVAILABLE_BUT_HELD,AGENT_DELEGATION_PRESENT,SKILL_READ_PRESENT,1,1,6,6,8,0,0.0,6,6,CONTINUE_RESEARCH
velocity_band,LOW_VELOCITY,TRUST_SIGNAL_AVAILABLE_BUT_HELD,AGENT_DELEGATION_REPEATED,SKILL_READ_ABSENT,3,1|2|3,45,77,270,0,0.0,77,0,CONTINUE_RESEARCH
velocity_band,LOW_VELOCITY,TRUST_SIGNAL_WITH_ALIASING,AGENT_DELEGATION_ABSENT,SKILL_READ_ABSENT,3,1|2|3,1983,3449,15739,0,0.0,0,0,HOLD_FOR_EVIDENCE_GAPS
velocity_band,LOW_VELOCITY,TRUST_SIGNAL_WITH_ALIASING,AGENT_DELEGATION_ABSENT,SKILL_READ_PRESENT,2,1|2,9,148,302,0,0.0,0,148,CONTINUE_RESEARCH
velocity_band,LOW_VELOCITY,TRUST_SIGNAL_WITH_ALIASING,AGENT_DELEGATION_PRESENT,SKILL_READ_ABSENT,3,1|2|3,121,493,1187,0,0.0,493,0,HOLD_FOR_EVIDENCE_GAPS
velocity_band,LOW_VELOCITY,TRUST_SIGNAL_WITH_ALIASING,AGENT_DELEGATION_PRESENT,SKILL_READ_PRESENT,2,1|2,5,24,34,0,0.0,24,24,CONTINUE_RESEARCH
velocity_band,LOW_VELOCITY,TRUST_SIGNAL_WITH_ALIASING,AGENT_DELEGATION_REPEATED,SKILL_READ_ABSENT,3,1|2|3,81,636,1296,0,0.0,636,0,CONTINUE_RESEARCH
velocity_band,LOW_VELOCITY,TRUST_SIGNAL_WITH_ALIASING,AGENT_DELEGATION_REPEATED,SKILL_READ_PRESENT,1,1,26,26,38,0,0.0,26,26,CONTINUE_RESEARCH
velocity_band,MEDIUM_VELOCITY,ATTRIBUTABLE_TRUST_SIGNAL,AGENT_DELEGATION_ABSENT,SKILL_READ_ABSENT,3,1|2|3,3753,6361,37180,30072,0.803308765344365,0,0,PROMOTE_FOR_BEHAVIOR_COHORT_REVIEW
velocity_band,MEDIUM_VELOCITY,ATTRIBUTABLE_TRUST_SIGNAL,AGENT_DELEGATION_ABSENT,SKILL_READ_PRESENT,3,1|2|3,132,1928,7197,5676,0.8391077857170135,0,1928,PROMOTE_FOR_BEHAVIOR_COHORT_REVIEW
velocity_band,MEDIUM_VELOCITY,ATTRIBUTABLE_TRUST_SIGNAL,AGENT_DELEGATION_PRESENT,SKILL_READ_ABSENT,3,1|2|3,574,1010,6501,5054,0.775895745347236,1010,0,PROMOTE_FOR_BEHAVIOR_COHORT_REVIEW
velocity_band,MEDIUM_VELOCITY,ATTRIBUTABLE_TRUST_SIGNAL,AGENT_DELEGATION_PRESENT,SKILL_READ_PRESENT,3,1|2|3,31,324,1309,1016,0.7813443332859197,324,324,PROMOTE_FOR_BEHAVIOR_COHORT_REVIEW
velocity_band,MEDIUM_VELOCITY,ATTRIBUTABLE_TRUST_SIGNAL,AGENT_DELEGATION_REPEATED,SKILL_READ_ABSENT,3,1|2|3,943,3231,18987,12478,0.653536899043213,3231,0,PROMOTE_FOR_BEHAVIOR_COHORT_REVIEW
velocity_band,MEDIUM_VELOCITY,ATTRIBUTABLE_TRUST_SIGNAL,AGENT_DELEGATION_REPEATED,SKILL_READ_PRESENT,3,1|2|3,46,626,3094,2095,0.7689725338625085,626,626,PROMOTE_FOR_BEHAVIOR_COHORT_REVIEW
velocity_band,MEDIUM_VELOCITY,INSUFFICIENT_TRUST_EVIDENCE,AGENT_DELEGATION_ABSENT,SKILL_READ_ABSENT,3,1|2|3,583451,665045,0,0,,0,0,HOLD_FOR_EVIDENCE_GAPS
velocity_band,MEDIUM_VELOCITY,INSUFFICIENT_TRUST_EVIDENCE,AGENT_DELEGATION_ABSENT,SKILL_READ_PRESENT,3,1|2|3,2897,21737,0,0,,0,21737,CONTINUE_RESEARCH
velocity_band,MEDIUM_VELOCITY,INSUFFICIENT_TRUST_EVIDENCE,AGENT_DELEGATION_PRESENT,SKILL_READ_ABSENT,3,1|2|3,16710,19139,0,0,,19139,0,HOLD_FOR_EVIDENCE_GAPS
velocity_band,MEDIUM_VELOCITY,INSUFFICIENT_TRUST_EVIDENCE,AGENT_DELEGATION_PRESENT,SKILL_READ_PRESENT,3,1|2|3,328,2298,0,0,,2298,2298,CONTINUE_RESEARCH
velocity_band,MEDIUM_VELOCITY,INSUFFICIENT_TRUST_EVIDENCE,AGENT_DELEGATION_REPEATED,SKILL_READ_ABSENT,3,1|2|3,32443,38874,0,0,,38874,0,CONTINUE_RESEARCH
velocity_band,MEDIUM_VELOCITY,INSUFFICIENT_TRUST_EVIDENCE,AGENT_DELEGATION_REPEATED,SKILL_READ_PRESENT,3,1|2|3,527,3024,0,0,,3024,3024,CONTINUE_RESEARCH
velocity_band,MEDIUM_VELOCITY,TRUST_SIGNAL_AVAILABLE_BUT_HELD,AGENT_DELEGATION_ABSENT,SKILL_READ_ABSENT,3,1|2|3,3598,3891,24566,0,0.0,0,0,HOLD_FOR_EVIDENCE_GAPS
velocity_band,MEDIUM_VELOCITY,TRUST_SIGNAL_AVAILABLE_BUT_HELD,AGENT_DELEGATION_ABSENT,SKILL_READ_PRESENT,3,1|2|3,61,375,1261,0,0.0,0,375,CONTINUE_RESEARCH
velocity_band,MEDIUM_VELOCITY,TRUST_SIGNAL_AVAILABLE_BUT_HELD,AGENT_DELEGATION_PRESENT,SKILL_READ_ABSENT,3,1|2|3,333,503,2392,0,0.0,503,0,HOLD_FOR_EVIDENCE_GAPS
velocity_band,MEDIUM_VELOCITY,TRUST_SIGNAL_AVAILABLE_BUT_HELD,AGENT_DELEGATION_PRESENT,SKILL_READ_PRESENT,3,1|2|3,8,62,161,0,0.0,62,62,CONTINUE_RESEARCH
velocity_band,MEDIUM_VELOCITY,TRUST_SIGNAL_AVAILABLE_BUT_HELD,AGENT_DELEGATION_REPEATED,SKILL_READ_ABSENT,3,1|2|3,566,956,4609,0,0.0,956,0,CONTINUE_RESEARCH
velocity_band,MEDIUM_VELOCITY,TRUST_SIGNAL_AVAILABLE_BUT_HELD,AGENT_DELEGATION_REPEATED,SKILL_READ_PRESENT,3,1|2|3,21,93,244,0,0.0,93,93,CONTINUE_RESEARCH
velocity_band,MEDIUM_VELOCITY,TRUST_SIGNAL_WITH_ALIASING,AGENT_DELEGATION_ABSENT,SKILL_READ_ABSENT,3,1|2|3,8701,26508,140846,0,0.0,0,0,HOLD_FOR_EVIDENCE_GAPS
velocity_band,MEDIUM_VELOCITY,TRUST_SIGNAL_WITH_ALIASING,AGENT_DELEGATION_ABSENT,SKILL_READ_PRESENT,3,1|2|3,86,5715,17527,0,0.0,0,5715,CONTINUE_RESEARCH
velocity_band,MEDIUM_VELOCITY,TRUST_SIGNAL_WITH_ALIASING,AGENT_DELEGATION_PRESENT,SKILL_READ_ABSENT,3,1|2|3,1217,3343,14822,0,0.0,3343,0,HOLD_FOR_EVIDENCE_GAPS
velocity_band,MEDIUM_VELOCITY,TRUST_SIGNAL_WITH_ALIASING,AGENT_DELEGATION_PRESENT,SKILL_READ_PRESENT,3,1|2|3,16,802,2243,0,0.0,802,802,CONTINUE_RESEARCH
velocity_band,MEDIUM_VELOCITY,TRUST_SIGNAL_WITH_ALIASING,AGENT_DELEGATION_REPEATED,SKILL_READ_ABSENT,3,1|2|3,2616,8828,34922,0,0.0,8828,0,CONTINUE_RESEARCH
velocity_band,MEDIUM_VELOCITY,TRUST_SIGNAL_WITH_ALIASING,AGENT_DELEGATION_REPEATED,SKILL_READ_PRESENT,3,1|2|3,34,1370,3845,0,0.0,1370,1370,CONTINUE_RESEARCH
