window_start,window_end,behavior_cohort_dimension,behavior_cohort_band,trust_classification,agent_delegation_classification,skill_read_presence_classification,cohort_size,signal_count,attributed_signal_count,attributed_signal_share,agent_delegation_user_count,skill_read_user_count,suppression_status,suppression_reason,readiness_decision
2026-02-21,2026-04-22,agent_delegation_band,AGENT_DELEGATION_ABSENT,ATTRIBUTABLE_TRUST_SIGNAL,AGENT_DELEGATION_ABSENT,SKILL_READ_ABSENT,20116,61320,47894,0.7810502283105023,0,0,SURFACE_ELIGIBLE_RESEARCH_ONLY,,HOLD_FOR_EVIDENCE_GAPS
2026-02-21,2026-04-22,agent_delegation_band,AGENT_DELEGATION_ABSENT,ATTRIBUTABLE_TRUST_SIGNAL,AGENT_DELEGATION_ABSENT,SKILL_READ_PRESENT,5945,22423,16278,0.7259510324220666,0,5945,SURFACE_ELIGIBLE_RESEARCH_ONLY,,CONTINUE_RESEARCH
2026-02-21,2026-04-22,agent_delegation_band,AGENT_DELEGATION_ABSENT,INSUFFICIENT_TRUST_EVIDENCE,AGENT_DELEGATION_ABSENT,SKILL_READ_ABSENT,1795369,0,0,,0,0,SURFACE_ELIGIBLE_RESEARCH_ONLY,,HOLD_FOR_EVIDENCE_GAPS
2026-02-21,2026-04-22,agent_delegation_band,AGENT_DELEGATION_ABSENT,INSUFFICIENT_TRUST_EVIDENCE,AGENT_DELEGATION_ABSENT,SKILL_READ_PRESENT,61673,0,0,,0,61673,SURFACE_ELIGIBLE_RESEARCH_ONLY,,CONTINUE_RESEARCH
2026-02-21,2026-04-22,agent_delegation_band,AGENT_DELEGATION_ABSENT,TRUST_SIGNAL_AVAILABLE_BUT_HELD,AGENT_DELEGATION_ABSENT,SKILL_READ_ABSENT,25889,202201,0,0.0,0,0,SURFACE_ELIGIBLE_RESEARCH_ONLY,,HOLD_FOR_EVIDENCE_GAPS
2026-02-21,2026-04-22,agent_delegation_band,AGENT_DELEGATION_ABSENT,TRUST_SIGNAL_AVAILABLE_BUT_HELD,AGENT_DELEGATION_ABSENT,SKILL_READ_PRESENT,6046,59896,0,0.0,0,6046,SURFACE_ELIGIBLE_RESEARCH_ONLY,,CONTINUE_RESEARCH
2026-02-21,2026-04-22,agent_delegation_band,AGENT_DELEGATION_ABSENT,TRUST_SIGNAL_WITH_ALIASING,AGENT_DELEGATION_ABSENT,SKILL_READ_ABSENT,34790,125712,0,0.0,0,0,SURFACE_ELIGIBLE_RESEARCH_ONLY,,HOLD_FOR_EVIDENCE_GAPS
2026-02-21,2026-04-22,agent_delegation_band,AGENT_DELEGATION_ABSENT,TRUST_SIGNAL_WITH_ALIASING,AGENT_DELEGATION_ABSENT,SKILL_READ_PRESENT,5311,24603,0,0.0,0,5311,SURFACE_ELIGIBLE_RESEARCH_ONLY,,CONTINUE_RESEARCH
2026-02-21,2026-04-22,agent_delegation_band,AGENT_DELEGATION_PRESENT,ATTRIBUTABLE_TRUST_SIGNAL,AGENT_DELEGATION_PRESENT,SKILL_READ_ABSENT,3779,12951,10076,0.7780094201219983,3779,0,SURFACE_ELIGIBLE_RESEARCH_ONLY,,HOLD_FOR_EVIDENCE_GAPS
2026-02-21,2026-04-22,agent_delegation_band,AGENT_DELEGATION_PRESENT,ATTRIBUTABLE_TRUST_SIGNAL,AGENT_DELEGATION_PRESENT,SKILL_READ_PRESENT,1378,5494,3694,0.6723698580269385,1378,1378,SURFACE_ELIGIBLE_RESEARCH_ONLY,,CONTINUE_RESEARCH
2026-02-21,2026-04-22,agent_delegation_band,AGENT_DELEGATION_PRESENT,INSUFFICIENT_TRUST_EVIDENCE,AGENT_DELEGATION_PRESENT,SKILL_READ_ABSENT,54615,0,0,,54615,0,SURFACE_ELIGIBLE_RESEARCH_ONLY,,HOLD_FOR_EVIDENCE_GAPS
2026-02-21,2026-04-22,agent_delegation_band,AGENT_DELEGATION_PRESENT,INSUFFICIENT_TRUST_EVIDENCE,AGENT_DELEGATION_PRESENT,SKILL_READ_PRESENT,8440,0,0,,8440,8440,SURFACE_ELIGIBLE_RESEARCH_ONLY,,CONTINUE_RESEARCH
2026-02-21,2026-04-22,agent_delegation_band,AGENT_DELEGATION_PRESENT,TRUST_SIGNAL_AVAILABLE_BUT_HELD,AGENT_DELEGATION_PRESENT,SKILL_READ_ABSENT,2645,23082,0,0.0,2645,0,SURFACE_ELIGIBLE_RESEARCH_ONLY,,HOLD_FOR_EVIDENCE_GAPS
2026-02-21,2026-04-22,agent_delegation_band,AGENT_DELEGATION_PRESENT,TRUST_SIGNAL_AVAILABLE_BUT_HELD,AGENT_DELEGATION_PRESENT,SKILL_READ_PRESENT,947,8664,0,0.0,947,947,SURFACE_ELIGIBLE_RESEARCH_ONLY,,CONTINUE_RESEARCH
2026-02-21,2026-04-22,agent_delegation_band,AGENT_DELEGATION_PRESENT,TRUST_SIGNAL_WITH_ALIASING,AGENT_DELEGATION_PRESENT,SKILL_READ_ABSENT,4827,17236,0,0.0,4827,0,SURFACE_ELIGIBLE_RESEARCH_ONLY,,HOLD_FOR_EVIDENCE_GAPS
2026-02-21,2026-04-22,agent_delegation_band,AGENT_DELEGATION_PRESENT,TRUST_SIGNAL_WITH_ALIASING,AGENT_DELEGATION_PRESENT,SKILL_READ_PRESENT,1209,4727,0,0.0,1209,1209,SURFACE_ELIGIBLE_RESEARCH_ONLY,,CONTINUE_RESEARCH
2026-02-21,2026-04-22,agent_delegation_band,AGENT_DELEGATION_REPEATED,ATTRIBUTABLE_TRUST_SIGNAL,AGENT_DELEGATION_REPEATED,SKILL_READ_ABSENT,15639,83313,47952,0.5755644377228044,15639,0,SURFACE_ELIGIBLE_RESEARCH_ONLY,,CONTINUE_RESEARCH
2026-02-21,2026-04-22,agent_delegation_band,AGENT_DELEGATION_REPEATED,ATTRIBUTABLE_TRUST_SIGNAL,AGENT_DELEGATION_REPEATED,SKILL_READ_PRESENT,6809,54484,25163,0.4618420086630938,6809,6809,SURFACE_ELIGIBLE_RESEARCH_ONLY,,CONTINUE_RESEARCH
2026-02-21,2026-04-22,agent_delegation_band,AGENT_DELEGATION_REPEATED,INSUFFICIENT_TRUST_EVIDENCE,AGENT_DELEGATION_REPEATED,SKILL_READ_ABSENT,113482,0,0,,113482,0,SURFACE_ELIGIBLE_RESEARCH_ONLY,,CONTINUE_RESEARCH
2026-02-21,2026-04-22,agent_delegation_band,AGENT_DELEGATION_REPEATED,INSUFFICIENT_TRUST_EVIDENCE,AGENT_DELEGATION_REPEATED,SKILL_READ_PRESENT,20147,0,0,,20147,20147,SURFACE_ELIGIBLE_RESEARCH_ONLY,,CONTINUE_RESEARCH
2026-02-21,2026-04-22,agent_delegation_band,AGENT_DELEGATION_REPEATED,TRUST_SIGNAL_AVAILABLE_BUT_HELD,AGENT_DELEGATION_REPEATED,SKILL_READ_ABSENT,5039,28557,0,0.0,5039,0,SURFACE_ELIGIBLE_RESEARCH_ONLY,,CONTINUE_RESEARCH
2026-02-21,2026-04-22,agent_delegation_band,AGENT_DELEGATION_REPEATED,TRUST_SIGNAL_AVAILABLE_BUT_HELD,AGENT_DELEGATION_REPEATED,SKILL_READ_PRESENT,2869,22901,0,0.0,2869,2869,SURFACE_ELIGIBLE_RESEARCH_ONLY,,CONTINUE_RESEARCH
2026-02-21,2026-04-22,agent_delegation_band,AGENT_DELEGATION_REPEATED,TRUST_SIGNAL_WITH_ALIASING,AGENT_DELEGATION_REPEATED,SKILL_READ_ABSENT,19419,96287,0,0.0,19419,0,SURFACE_ELIGIBLE_RESEARCH_ONLY,,CONTINUE_RESEARCH
2026-02-21,2026-04-22,agent_delegation_band,AGENT_DELEGATION_REPEATED,TRUST_SIGNAL_WITH_ALIASING,AGENT_DELEGATION_REPEATED,SKILL_READ_PRESENT,6265,33347,0,0.0,6265,6265,SURFACE_ELIGIBLE_RESEARCH_ONLY,,CONTINUE_RESEARCH
2026-02-21,2026-04-22,depth_repertoire_band,ACTIVE_BUT_SHALLOW,ATTRIBUTABLE_TRUST_SIGNAL,AGENT_DELEGATION_ABSENT,SKILL_READ_ABSENT,5678,15932,13793,0.8657419030881245,0,0,SURFACE_ELIGIBLE_RESEARCH_ONLY,,PROMOTE_FOR_BEHAVIOR_COHORT_REVIEW
2026-02-21,2026-04-22,depth_repertoire_band,ACTIVE_BUT_SHALLOW,ATTRIBUTABLE_TRUST_SIGNAL,AGENT_DELEGATION_ABSENT,SKILL_READ_PRESENT,832,2584,2556,0.9891640866873065,0,832,SURFACE_ELIGIBLE_RESEARCH_ONLY,,PROMOTE_FOR_BEHAVIOR_COHORT_REVIEW
2026-02-21,2026-04-22,depth_repertoire_band,ACTIVE_BUT_SHALLOW,ATTRIBUTABLE_TRUST_SIGNAL,AGENT_DELEGATION_PRESENT,SKILL_READ_ABSENT,8,10,9,0.9,8,0,SURFACE_ELIGIBLE_RESEARCH_ONLY,,PROMOTE_FOR_BEHAVIOR_COHORT_REVIEW
2026-02-21,2026-04-22,depth_repertoire_band,ACTIVE_BUT_SHALLOW,ATTRIBUTABLE_TRUST_SIGNAL,AGENT_DELEGATION_REPEATED,SKILL_READ_ABSENT,7,18,16,0.8888888888888888,7,0,SURFACE_ELIGIBLE_RESEARCH_ONLY,,PROMOTE_FOR_BEHAVIOR_COHORT_REVIEW
2026-02-21,2026-04-22,depth_repertoire_band,ACTIVE_BUT_SHALLOW,INSUFFICIENT_TRUST_EVIDENCE,AGENT_DELEGATION_ABSENT,SKILL_READ_ABSENT,345852,0,0,,0,0,SURFACE_ELIGIBLE_RESEARCH_ONLY,,HOLD_FOR_EVIDENCE_GAPS
2026-02-21,2026-04-22,depth_repertoire_band,ACTIVE_BUT_SHALLOW,INSUFFICIENT_TRUST_EVIDENCE,AGENT_DELEGATION_ABSENT,SKILL_READ_PRESENT,8107,0,0,,0,8107,SURFACE_ELIGIBLE_RESEARCH_ONLY,,CONTINUE_RESEARCH
2026-02-21,2026-04-22,depth_repertoire_band,ACTIVE_BUT_SHALLOW,INSUFFICIENT_TRUST_EVIDENCE,AGENT_DELEGATION_PRESENT,SKILL_READ_ABSENT,3789,0,0,,3789,0,SURFACE_ELIGIBLE_RESEARCH_ONLY,,HOLD_FOR_EVIDENCE_GAPS
2026-02-21,2026-04-22,depth_repertoire_band,ACTIVE_BUT_SHALLOW,INSUFFICIENT_TRUST_EVIDENCE,AGENT_DELEGATION_PRESENT,SKILL_READ_PRESENT,15,0,0,,15,15,SURFACE_ELIGIBLE_RESEARCH_ONLY,,CONTINUE_RESEARCH
2026-02-21,2026-04-22,depth_repertoire_band,ACTIVE_BUT_SHALLOW,INSUFFICIENT_TRUST_EVIDENCE,AGENT_DELEGATION_REPEATED,SKILL_READ_ABSENT,3257,0,0,,3257,0,SURFACE_ELIGIBLE_RESEARCH_ONLY,,CONTINUE_RESEARCH
2026-02-21,2026-04-22,depth_repertoire_band,ACTIVE_BUT_SHALLOW,INSUFFICIENT_TRUST_EVIDENCE,AGENT_DELEGATION_REPEATED,SKILL_READ_PRESENT,43,0,0,,43,43,SURFACE_ELIGIBLE_RESEARCH_ONLY,,CONTINUE_RESEARCH
2026-02-21,2026-04-22,depth_repertoire_band,ACTIVE_BUT_SHALLOW,TRUST_SIGNAL_AVAILABLE_BUT_HELD,AGENT_DELEGATION_ABSENT,SKILL_READ_ABSENT,3664,22507,0,0.0,0,0,SURFACE_ELIGIBLE_RESEARCH_ONLY,,HOLD_FOR_EVIDENCE_GAPS
2026-02-21,2026-04-22,depth_repertoire_band,ACTIVE_BUT_SHALLOW,TRUST_SIGNAL_AVAILABLE_BUT_HELD,AGENT_DELEGATION_ABSENT,SKILL_READ_PRESENT,131,1671,0,0.0,0,131,SURFACE_ELIGIBLE_RESEARCH_ONLY,,CONTINUE_RESEARCH
2026-02-21,2026-04-22,depth_repertoire_band,ACTIVE_BUT_SHALLOW,TRUST_SIGNAL_AVAILABLE_BUT_HELD,AGENT_DELEGATION_PRESENT,SKILL_READ_ABSENT,34,58,0,0.0,34,0,SURFACE_ELIGIBLE_RESEARCH_ONLY,,HOLD_FOR_EVIDENCE_GAPS
2026-02-21,2026-04-22,depth_repertoire_band,ACTIVE_BUT_SHALLOW,TRUST_SIGNAL_AVAILABLE_BUT_HELD,AGENT_DELEGATION_REPEATED,SKILL_READ_ABSENT,54,136,0,0.0,54,0,SURFACE_ELIGIBLE_RESEARCH_ONLY,,CONTINUE_RESEARCH
2026-02-21,2026-04-22,depth_repertoire_band,ACTIVE_BUT_SHALLOW,TRUST_SIGNAL_WITH_ALIASING,AGENT_DELEGATION_ABSENT,SKILL_READ_ABSENT,8074,27901,0,0.0,0,0,SURFACE_ELIGIBLE_RESEARCH_ONLY,,HOLD_FOR_EVIDENCE_GAPS
2026-02-21,2026-04-22,depth_repertoire_band,ACTIVE_BUT_SHALLOW,TRUST_SIGNAL_WITH_ALIASING,AGENT_DELEGATION_ABSENT,SKILL_READ_PRESENT,73,249,0,0.0,0,73,SURFACE_ELIGIBLE_RESEARCH_ONLY,,CONTINUE_RESEARCH
2026-02-21,2026-04-22,depth_repertoire_band,ACTIVE_BUT_SHALLOW,TRUST_SIGNAL_WITH_ALIASING,AGENT_DELEGATION_PRESENT,SKILL_READ_ABSENT,72,160,0,0.0,72,0,SURFACE_ELIGIBLE_RESEARCH_ONLY,,HOLD_FOR_EVIDENCE_GAPS
2026-02-21,2026-04-22,depth_repertoire_band,ACTIVE_BUT_SHALLOW,TRUST_SIGNAL_WITH_ALIASING,AGENT_DELEGATION_REPEATED,SKILL_READ_ABSENT,127,606,0,0.0,127,0,SURFACE_ELIGIBLE_RESEARCH_ONLY,,CONTINUE_RESEARCH
2026-02-21,2026-04-22,depth_repertoire_band,FOCUSED_INTEGRATION,INSUFFICIENT_TRUST_EVIDENCE,AGENT_DELEGATION_ABSENT,SKILL_READ_ABSENT,962938,0,0,,0,0,SURFACE_ELIGIBLE_RESEARCH_ONLY,,HOLD_FOR_EVIDENCE_GAPS
2026-02-21,2026-04-22,depth_repertoire_band,FOCUSED_INTEGRATION,INSUFFICIENT_TRUST_EVIDENCE,AGENT_DELEGATION_ABSENT,SKILL_READ_PRESENT,263,0,0,,0,263,SURFACE_ELIGIBLE_RESEARCH_ONLY,,CONTINUE_RESEARCH
2026-02-21,2026-04-22,depth_repertoire_band,FOCUSED_INTEGRATION,INSUFFICIENT_TRUST_EVIDENCE,AGENT_DELEGATION_REPEATED,SKILL_READ_ABSENT,924,0,0,,924,0,SURFACE_ELIGIBLE_RESEARCH_ONLY,,CONTINUE_RESEARCH
2026-02-21,2026-04-22,depth_repertoire_band,FOCUSED_INTEGRATION,TRUST_SIGNAL_AVAILABLE_BUT_HELD,AGENT_DELEGATION_ABSENT,SKILL_READ_ABSENT,241,1469,0,0.0,0,0,SURFACE_ELIGIBLE_RESEARCH_ONLY,,HOLD_FOR_EVIDENCE_GAPS
2026-02-21,2026-04-22,depth_repertoire_band,FOCUSED_INTEGRATION,TRUST_SIGNAL_WITH_ALIASING,AGENT_DELEGATION_ABSENT,SKILL_READ_ABSENT,,,,,,,SUPPRESS,INSUFFICIENT_VOLUME,HOLD_SMALL_CELL_SUPPRESSED
2026-02-21,2026-04-22,depth_repertoire_band,FOCUSED_INTEGRATION,TRUST_SIGNAL_WITH_ALIASING,AGENT_DELEGATION_REPEATED,SKILL_READ_ABSENT,,,,,,,SUPPRESS,INSUFFICIENT_VOLUME,HOLD_SMALL_CELL_SUPPRESSED
2026-02-21,2026-04-22,depth_repertoire_band,INTEGRATED_REPERTOIRE,ATTRIBUTABLE_TRUST_SIGNAL,AGENT_DELEGATION_ABSENT,SKILL_READ_ABSENT,14438,45388,34101,0.7513219353132987,0,0,SURFACE_ELIGIBLE_RESEARCH_ONLY,,PROMOTE_FOR_BEHAVIOR_COHORT_REVIEW
2026-02-21,2026-04-22,depth_repertoire_band,INTEGRATED_REPERTOIRE,ATTRIBUTABLE_TRUST_SIGNAL,AGENT_DELEGATION_ABSENT,SKILL_READ_PRESENT,5113,19839,13722,0.6916679268108271,0,5113,SURFACE_ELIGIBLE_RESEARCH_ONLY,,PROMOTE_FOR_BEHAVIOR_COHORT_REVIEW
2026-02-21,2026-04-22,depth_repertoire_band,INTEGRATED_REPERTOIRE,ATTRIBUTABLE_TRUST_SIGNAL,AGENT_DELEGATION_PRESENT,SKILL_READ_ABSENT,3771,12941,10067,0.7779151533884553,3771,0,SURFACE_ELIGIBLE_RESEARCH_ONLY,,PROMOTE_FOR_BEHAVIOR_COHORT_REVIEW
2026-02-21,2026-04-22,depth_repertoire_band,INTEGRATED_REPERTOIRE,ATTRIBUTABLE_TRUST_SIGNAL,AGENT_DELEGATION_PRESENT,SKILL_READ_PRESENT,1378,5494,3694,0.6723698580269385,1378,1378,SURFACE_ELIGIBLE_RESEARCH_ONLY,,PROMOTE_FOR_BEHAVIOR_COHORT_REVIEW
2026-02-21,2026-04-22,depth_repertoire_band,INTEGRATED_REPERTOIRE,ATTRIBUTABLE_TRUST_SIGNAL,AGENT_DELEGATION_REPEATED,SKILL_READ_ABSENT,15632,83295,47936,0.5754967284951078,15632,0,SURFACE_ELIGIBLE_RESEARCH_ONLY,,PROMOTE_FOR_BEHAVIOR_COHORT_REVIEW
2026-02-21,2026-04-22,depth_repertoire_band,INTEGRATED_REPERTOIRE,ATTRIBUTABLE_TRUST_SIGNAL,AGENT_DELEGATION_REPEATED,SKILL_READ_PRESENT,6809,54484,25163,0.4618420086630938,6809,6809,SURFACE_ELIGIBLE_RESEARCH_ONLY,,PROMOTE_FOR_BEHAVIOR_COHORT_REVIEW
2026-02-21,2026-04-22,depth_repertoire_band,INTEGRATED_REPERTOIRE,INSUFFICIENT_TRUST_EVIDENCE,AGENT_DELEGATION_ABSENT,SKILL_READ_ABSENT,405689,0,0,,0,0,SURFACE_ELIGIBLE_RESEARCH_ONLY,,HOLD_FOR_EVIDENCE_GAPS
2026-02-21,2026-04-22,depth_repertoire_band,INTEGRATED_REPERTOIRE,INSUFFICIENT_TRUST_EVIDENCE,AGENT_DELEGATION_ABSENT,SKILL_READ_PRESENT,53201,0,0,,0,53201,SURFACE_ELIGIBLE_RESEARCH_ONLY,,CONTINUE_RESEARCH
2026-02-21,2026-04-22,depth_repertoire_band,INTEGRATED_REPERTOIRE,INSUFFICIENT_TRUST_EVIDENCE,AGENT_DELEGATION_PRESENT,SKILL_READ_ABSENT,50788,0,0,,50788,0,SURFACE_ELIGIBLE_RESEARCH_ONLY,,HOLD_FOR_EVIDENCE_GAPS
2026-02-21,2026-04-22,depth_repertoire_band,INTEGRATED_REPERTOIRE,INSUFFICIENT_TRUST_EVIDENCE,AGENT_DELEGATION_PRESENT,SKILL_READ_PRESENT,8425,0,0,,8425,8425,SURFACE_ELIGIBLE_RESEARCH_ONLY,,CONTINUE_RESEARCH
2026-02-21,2026-04-22,depth_repertoire_band,INTEGRATED_REPERTOIRE,INSUFFICIENT_TRUST_EVIDENCE,AGENT_DELEGATION_REPEATED,SKILL_READ_ABSENT,109301,0,0,,109301,0,SURFACE_ELIGIBLE_RESEARCH_ONLY,,CONTINUE_RESEARCH
2026-02-21,2026-04-22,depth_repertoire_band,INTEGRATED_REPERTOIRE,INSUFFICIENT_TRUST_EVIDENCE,AGENT_DELEGATION_REPEATED,SKILL_READ_PRESENT,20104,0,0,,20104,20104,SURFACE_ELIGIBLE_RESEARCH_ONLY,,CONTINUE_RESEARCH
2026-02-21,2026-04-22,depth_repertoire_band,INTEGRATED_REPERTOIRE,TRUST_SIGNAL_AVAILABLE_BUT_HELD,AGENT_DELEGATION_ABSENT,SKILL_READ_ABSENT,21976,178217,0,0.0,0,0,SURFACE_ELIGIBLE_RESEARCH_ONLY,,HOLD_FOR_EVIDENCE_GAPS
2026-02-21,2026-04-22,depth_repertoire_band,INTEGRATED_REPERTOIRE,TRUST_SIGNAL_AVAILABLE_BUT_HELD,AGENT_DELEGATION_ABSENT,SKILL_READ_PRESENT,5915,58225,0,0.0,0,5915,SURFACE_ELIGIBLE_RESEARCH_ONLY,,CONTINUE_RESEARCH
2026-02-21,2026-04-22,depth_repertoire_band,INTEGRATED_REPERTOIRE,TRUST_SIGNAL_AVAILABLE_BUT_HELD,AGENT_DELEGATION_PRESENT,SKILL_READ_ABSENT,2611,23024,0,0.0,2611,0,SURFACE_ELIGIBLE_RESEARCH_ONLY,,HOLD_FOR_EVIDENCE_GAPS
2026-02-21,2026-04-22,depth_repertoire_band,INTEGRATED_REPERTOIRE,TRUST_SIGNAL_AVAILABLE_BUT_HELD,AGENT_DELEGATION_PRESENT,SKILL_READ_PRESENT,947,8664,0,0.0,947,947,SURFACE_ELIGIBLE_RESEARCH_ONLY,,CONTINUE_RESEARCH
2026-02-21,2026-04-22,depth_repertoire_band,INTEGRATED_REPERTOIRE,TRUST_SIGNAL_AVAILABLE_BUT_HELD,AGENT_DELEGATION_REPEATED,SKILL_READ_ABSENT,4985,28421,0,0.0,4985,0,SURFACE_ELIGIBLE_RESEARCH_ONLY,,CONTINUE_RESEARCH
2026-02-21,2026-04-22,depth_repertoire_band,INTEGRATED_REPERTOIRE,TRUST_SIGNAL_AVAILABLE_BUT_HELD,AGENT_DELEGATION_REPEATED,SKILL_READ_PRESENT,2869,22901,0,0.0,2869,2869,SURFACE_ELIGIBLE_RESEARCH_ONLY,,CONTINUE_RESEARCH
2026-02-21,2026-04-22,depth_repertoire_band,INTEGRATED_REPERTOIRE,TRUST_SIGNAL_WITH_ALIASING,AGENT_DELEGATION_ABSENT,SKILL_READ_ABSENT,26713,97807,0,0.0,0,0,SURFACE_ELIGIBLE_RESEARCH_ONLY,,HOLD_FOR_EVIDENCE_GAPS
2026-02-21,2026-04-22,depth_repertoire_band,INTEGRATED_REPERTOIRE,TRUST_SIGNAL_WITH_ALIASING,AGENT_DELEGATION_ABSENT,SKILL_READ_PRESENT,5238,24354,0,0.0,0,5238,SURFACE_ELIGIBLE_RESEARCH_ONLY,,CONTINUE_RESEARCH
2026-02-21,2026-04-22,depth_repertoire_band,INTEGRATED_REPERTOIRE,TRUST_SIGNAL_WITH_ALIASING,AGENT_DELEGATION_PRESENT,SKILL_READ_ABSENT,4755,17076,0,0.0,4755,0,SURFACE_ELIGIBLE_RESEARCH_ONLY,,HOLD_FOR_EVIDENCE_GAPS
2026-02-21,2026-04-22,depth_repertoire_band,INTEGRATED_REPERTOIRE,TRUST_SIGNAL_WITH_ALIASING,AGENT_DELEGATION_PRESENT,SKILL_READ_PRESENT,1209,4727,0,0.0,1209,1209,SURFACE_ELIGIBLE_RESEARCH_ONLY,,CONTINUE_RESEARCH
2026-02-21,2026-04-22,depth_repertoire_band,INTEGRATED_REPERTOIRE,TRUST_SIGNAL_WITH_ALIASING,AGENT_DELEGATION_REPEATED,SKILL_READ_ABSENT,19291,95615,0,0.0,19291,0,SURFACE_ELIGIBLE_RESEARCH_ONLY,,CONTINUE_RESEARCH
2026-02-21,2026-04-22,depth_repertoire_band,INTEGRATED_REPERTOIRE,TRUST_SIGNAL_WITH_ALIASING,AGENT_DELEGATION_REPEATED,SKILL_READ_PRESENT,6265,33347,0,0.0,6265,6265,SURFACE_ELIGIBLE_RESEARCH_ONLY,,CONTINUE_RESEARCH
2026-02-21,2026-04-22,depth_repertoire_band,UNSTABLE_OR_INSUFFICIENT,INSUFFICIENT_TRUST_EVIDENCE,AGENT_DELEGATION_ABSENT,SKILL_READ_ABSENT,80890,0,0,,0,0,SURFACE_ELIGIBLE_RESEARCH_ONLY,,HOLD_FOR_EVIDENCE_GAPS
2026-02-21,2026-04-22,depth_repertoire_band,UNSTABLE_OR_INSUFFICIENT,INSUFFICIENT_TRUST_EVIDENCE,AGENT_DELEGATION_ABSENT,SKILL_READ_PRESENT,102,0,0,,0,102,SURFACE_ELIGIBLE_RESEARCH_ONLY,,CONTINUE_RESEARCH
2026-02-21,2026-04-22,depth_repertoire_band,UNSTABLE_OR_INSUFFICIENT,INSUFFICIENT_TRUST_EVIDENCE,AGENT_DELEGATION_PRESENT,SKILL_READ_ABSENT,38,0,0,,38,0,SURFACE_ELIGIBLE_RESEARCH_ONLY,,HOLD_FOR_EVIDENCE_GAPS
2026-02-21,2026-04-22,depth_repertoire_band,UNSTABLE_OR_INSUFFICIENT,TRUST_SIGNAL_AVAILABLE_BUT_HELD,AGENT_DELEGATION_ABSENT,SKILL_READ_ABSENT,8,8,0,0.0,0,0,SURFACE_ELIGIBLE_RESEARCH_ONLY,,HOLD_FOR_EVIDENCE_GAPS
2026-02-21,2026-04-22,depth_repertoire_band,UNSTABLE_OR_INSUFFICIENT,TRUST_SIGNAL_WITH_ALIASING,AGENT_DELEGATION_ABSENT,SKILL_READ_ABSENT,,,,,,,SUPPRESS,INSUFFICIENT_VOLUME,HOLD_SMALL_CELL_SUPPRESSED
2026-02-21,2026-04-22,skill_read_presence_band,SKILL_READ_ABSENT,ATTRIBUTABLE_TRUST_SIGNAL,AGENT_DELEGATION_ABSENT,SKILL_READ_ABSENT,20116,61320,47894,0.7810502283105023,0,0,SURFACE_ELIGIBLE_RESEARCH_ONLY,,HOLD_FOR_EVIDENCE_GAPS
2026-02-21,2026-04-22,skill_read_presence_band,SKILL_READ_ABSENT,ATTRIBUTABLE_TRUST_SIGNAL,AGENT_DELEGATION_PRESENT,SKILL_READ_ABSENT,3779,12951,10076,0.7780094201219983,3779,0,SURFACE_ELIGIBLE_RESEARCH_ONLY,,HOLD_FOR_EVIDENCE_GAPS
2026-02-21,2026-04-22,skill_read_presence_band,SKILL_READ_ABSENT,ATTRIBUTABLE_TRUST_SIGNAL,AGENT_DELEGATION_REPEATED,SKILL_READ_ABSENT,15639,83313,47952,0.5755644377228044,15639,0,SURFACE_ELIGIBLE_RESEARCH_ONLY,,CONTINUE_RESEARCH
2026-02-21,2026-04-22,skill_read_presence_band,SKILL_READ_ABSENT,INSUFFICIENT_TRUST_EVIDENCE,AGENT_DELEGATION_ABSENT,SKILL_READ_ABSENT,1795369,0,0,,0,0,SURFACE_ELIGIBLE_RESEARCH_ONLY,,HOLD_FOR_EVIDENCE_GAPS
2026-02-21,2026-04-22,skill_read_presence_band,SKILL_READ_ABSENT,INSUFFICIENT_TRUST_EVIDENCE,AGENT_DELEGATION_PRESENT,SKILL_READ_ABSENT,54615,0,0,,54615,0,SURFACE_ELIGIBLE_RESEARCH_ONLY,,HOLD_FOR_EVIDENCE_GAPS
2026-02-21,2026-04-22,skill_read_presence_band,SKILL_READ_ABSENT,INSUFFICIENT_TRUST_EVIDENCE,AGENT_DELEGATION_REPEATED,SKILL_READ_ABSENT,113482,0,0,,113482,0,SURFACE_ELIGIBLE_RESEARCH_ONLY,,CONTINUE_RESEARCH
2026-02-21,2026-04-22,skill_read_presence_band,SKILL_READ_ABSENT,TRUST_SIGNAL_AVAILABLE_BUT_HELD,AGENT_DELEGATION_ABSENT,SKILL_READ_ABSENT,25889,202201,0,0.0,0,0,SURFACE_ELIGIBLE_RESEARCH_ONLY,,HOLD_FOR_EVIDENCE_GAPS
2026-02-21,2026-04-22,skill_read_presence_band,SKILL_READ_ABSENT,TRUST_SIGNAL_AVAILABLE_BUT_HELD,AGENT_DELEGATION_PRESENT,SKILL_READ_ABSENT,2645,23082,0,0.0,2645,0,SURFACE_ELIGIBLE_RESEARCH_ONLY,,HOLD_FOR_EVIDENCE_GAPS
2026-02-21,2026-04-22,skill_read_presence_band,SKILL_READ_ABSENT,TRUST_SIGNAL_AVAILABLE_BUT_HELD,AGENT_DELEGATION_REPEATED,SKILL_READ_ABSENT,5039,28557,0,0.0,5039,0,SURFACE_ELIGIBLE_RESEARCH_ONLY,,CONTINUE_RESEARCH
2026-02-21,2026-04-22,skill_read_presence_band,SKILL_READ_ABSENT,TRUST_SIGNAL_WITH_ALIASING,AGENT_DELEGATION_ABSENT,SKILL_READ_ABSENT,34790,125712,0,0.0,0,0,SURFACE_ELIGIBLE_RESEARCH_ONLY,,HOLD_FOR_EVIDENCE_GAPS
2026-02-21,2026-04-22,skill_read_presence_band,SKILL_READ_ABSENT,TRUST_SIGNAL_WITH_ALIASING,AGENT_DELEGATION_PRESENT,SKILL_READ_ABSENT,4827,17236,0,0.0,4827,0,SURFACE_ELIGIBLE_RESEARCH_ONLY,,HOLD_FOR_EVIDENCE_GAPS
2026-02-21,2026-04-22,skill_read_presence_band,SKILL_READ_ABSENT,TRUST_SIGNAL_WITH_ALIASING,AGENT_DELEGATION_REPEATED,SKILL_READ_ABSENT,19419,96287,0,0.0,19419,0,SURFACE_ELIGIBLE_RESEARCH_ONLY,,CONTINUE_RESEARCH
2026-02-21,2026-04-22,skill_read_presence_band,SKILL_READ_PRESENT,ATTRIBUTABLE_TRUST_SIGNAL,AGENT_DELEGATION_ABSENT,SKILL_READ_PRESENT,5945,22423,16278,0.7259510324220666,0,5945,SURFACE_ELIGIBLE_RESEARCH_ONLY,,CONTINUE_RESEARCH
2026-02-21,2026-04-22,skill_read_presence_band,SKILL_READ_PRESENT,ATTRIBUTABLE_TRUST_SIGNAL,AGENT_DELEGATION_PRESENT,SKILL_READ_PRESENT,1378,5494,3694,0.6723698580269385,1378,1378,SURFACE_ELIGIBLE_RESEARCH_ONLY,,CONTINUE_RESEARCH
2026-02-21,2026-04-22,skill_read_presence_band,SKILL_READ_PRESENT,ATTRIBUTABLE_TRUST_SIGNAL,AGENT_DELEGATION_REPEATED,SKILL_READ_PRESENT,6809,54484,25163,0.4618420086630938,6809,6809,SURFACE_ELIGIBLE_RESEARCH_ONLY,,CONTINUE_RESEARCH
2026-02-21,2026-04-22,skill_read_presence_band,SKILL_READ_PRESENT,INSUFFICIENT_TRUST_EVIDENCE,AGENT_DELEGATION_ABSENT,SKILL_READ_PRESENT,61673,0,0,,0,61673,SURFACE_ELIGIBLE_RESEARCH_ONLY,,CONTINUE_RESEARCH
2026-02-21,2026-04-22,skill_read_presence_band,SKILL_READ_PRESENT,INSUFFICIENT_TRUST_EVIDENCE,AGENT_DELEGATION_PRESENT,SKILL_READ_PRESENT,8440,0,0,,8440,8440,SURFACE_ELIGIBLE_RESEARCH_ONLY,,CONTINUE_RESEARCH
2026-02-21,2026-04-22,skill_read_presence_band,SKILL_READ_PRESENT,INSUFFICIENT_TRUST_EVIDENCE,AGENT_DELEGATION_REPEATED,SKILL_READ_PRESENT,20147,0,0,,20147,20147,SURFACE_ELIGIBLE_RESEARCH_ONLY,,CONTINUE_RESEARCH
2026-02-21,2026-04-22,skill_read_presence_band,SKILL_READ_PRESENT,TRUST_SIGNAL_AVAILABLE_BUT_HELD,AGENT_DELEGATION_ABSENT,SKILL_READ_PRESENT,6046,59896,0,0.0,0,6046,SURFACE_ELIGIBLE_RESEARCH_ONLY,,CONTINUE_RESEARCH
2026-02-21,2026-04-22,skill_read_presence_band,SKILL_READ_PRESENT,TRUST_SIGNAL_AVAILABLE_BUT_HELD,AGENT_DELEGATION_PRESENT,SKILL_READ_PRESENT,947,8664,0,0.0,947,947,SURFACE_ELIGIBLE_RESEARCH_ONLY,,CONTINUE_RESEARCH
2026-02-21,2026-04-22,skill_read_presence_band,SKILL_READ_PRESENT,TRUST_SIGNAL_AVAILABLE_BUT_HELD,AGENT_DELEGATION_REPEATED,SKILL_READ_PRESENT,2869,22901,0,0.0,2869,2869,SURFACE_ELIGIBLE_RESEARCH_ONLY,,CONTINUE_RESEARCH
2026-02-21,2026-04-22,skill_read_presence_band,SKILL_READ_PRESENT,TRUST_SIGNAL_WITH_ALIASING,AGENT_DELEGATION_ABSENT,SKILL_READ_PRESENT,5311,24603,0,0.0,0,5311,SURFACE_ELIGIBLE_RESEARCH_ONLY,,CONTINUE_RESEARCH
2026-02-21,2026-04-22,skill_read_presence_band,SKILL_READ_PRESENT,TRUST_SIGNAL_WITH_ALIASING,AGENT_DELEGATION_PRESENT,SKILL_READ_PRESENT,1209,4727,0,0.0,1209,1209,SURFACE_ELIGIBLE_RESEARCH_ONLY,,CONTINUE_RESEARCH
2026-02-21,2026-04-22,skill_read_presence_band,SKILL_READ_PRESENT,TRUST_SIGNAL_WITH_ALIASING,AGENT_DELEGATION_REPEATED,SKILL_READ_PRESENT,6265,33347,0,0.0,6265,6265,SURFACE_ELIGIBLE_RESEARCH_ONLY,,CONTINUE_RESEARCH
2026-02-21,2026-04-22,velocity_band,HIGH_VELOCITY,ATTRIBUTABLE_TRUST_SIGNAL,AGENT_DELEGATION_ABSENT,SKILL_READ_ABSENT,12881,46063,34071,0.739660899203265,0,0,SURFACE_ELIGIBLE_RESEARCH_ONLY,,PROMOTE_FOR_BEHAVIOR_COHORT_REVIEW
2026-02-21,2026-04-22,velocity_band,HIGH_VELOCITY,ATTRIBUTABLE_TRUST_SIGNAL,AGENT_DELEGATION_ABSENT,SKILL_READ_PRESENT,5234,20617,14567,0.7065528447397779,0,5234,SURFACE_ELIGIBLE_RESEARCH_ONLY,,PROMOTE_FOR_BEHAVIOR_COHORT_REVIEW
2026-02-21,2026-04-22,velocity_band,HIGH_VELOCITY,ATTRIBUTABLE_TRUST_SIGNAL,AGENT_DELEGATION_PRESENT,SKILL_READ_ABSENT,2707,10460,7901,0.7553537284894838,2707,0,SURFACE_ELIGIBLE_RESEARCH_ONLY,,PROMOTE_FOR_BEHAVIOR_COHORT_REVIEW
2026-02-21,2026-04-22,velocity_band,HIGH_VELOCITY,ATTRIBUTABLE_TRUST_SIGNAL,AGENT_DELEGATION_PRESENT,SKILL_READ_PRESENT,1249,5164,3403,0.6589852827265685,1249,1249,SURFACE_ELIGIBLE_RESEARCH_ONLY,,PROMOTE_FOR_BEHAVIOR_COHORT_REVIEW
2026-02-21,2026-04-22,velocity_band,HIGH_VELOCITY,ATTRIBUTABLE_TRUST_SIGNAL,AGENT_DELEGATION_REPEATED,SKILL_READ_ABSENT,13114,76641,43016,0.5612661630197936,13114,0,SURFACE_ELIGIBLE_RESEARCH_ONLY,,PROMOTE_FOR_BEHAVIOR_COHORT_REVIEW
2026-02-21,2026-04-22,velocity_band,HIGH_VELOCITY,ATTRIBUTABLE_TRUST_SIGNAL,AGENT_DELEGATION_REPEATED,SKILL_READ_PRESENT,6580,53702,24544,0.45704070611895276,6580,6580,SURFACE_ELIGIBLE_RESEARCH_ONLY,,PROMOTE_FOR_BEHAVIOR_COHORT_REVIEW
2026-02-21,2026-04-22,velocity_band,HIGH_VELOCITY,INSUFFICIENT_TRUST_EVIDENCE,AGENT_DELEGATION_ABSENT,SKILL_READ_ABSENT,418853,0,0,,0,0,SURFACE_ELIGIBLE_RESEARCH_ONLY,,HOLD_FOR_EVIDENCE_GAPS
2026-02-21,2026-04-22,velocity_band,HIGH_VELOCITY,INSUFFICIENT_TRUST_EVIDENCE,AGENT_DELEGATION_ABSENT,SKILL_READ_PRESENT,49189,0,0,,0,49189,SURFACE_ELIGIBLE_RESEARCH_ONLY,,CONTINUE_RESEARCH
2026-02-21,2026-04-22,velocity_band,HIGH_VELOCITY,INSUFFICIENT_TRUST_EVIDENCE,AGENT_DELEGATION_PRESENT,SKILL_READ_ABSENT,27425,0,0,,27425,0,SURFACE_ELIGIBLE_RESEARCH_ONLY,,HOLD_FOR_EVIDENCE_GAPS
2026-02-21,2026-04-22,velocity_band,HIGH_VELOCITY,INSUFFICIENT_TRUST_EVIDENCE,AGENT_DELEGATION_PRESENT,SKILL_READ_PRESENT,7290,0,0,,7290,7290,SURFACE_ELIGIBLE_RESEARCH_ONLY,,CONTINUE_RESEARCH
2026-02-21,2026-04-22,velocity_band,HIGH_VELOCITY,INSUFFICIENT_TRUST_EVIDENCE,AGENT_DELEGATION_REPEATED,SKILL_READ_ABSENT,67826,0,0,,67826,0,SURFACE_ELIGIBLE_RESEARCH_ONLY,,CONTINUE_RESEARCH
2026-02-21,2026-04-22,velocity_band,HIGH_VELOCITY,INSUFFICIENT_TRUST_EVIDENCE,AGENT_DELEGATION_REPEATED,SKILL_READ_PRESENT,18559,0,0,,18559,18559,SURFACE_ELIGIBLE_RESEARCH_ONLY,,CONTINUE_RESEARCH
2026-02-21,2026-04-22,velocity_band,HIGH_VELOCITY,TRUST_SIGNAL_AVAILABLE_BUT_HELD,AGENT_DELEGATION_ABSENT,SKILL_READ_ABSENT,21739,192275,0,0.0,0,0,SURFACE_ELIGIBLE_RESEARCH_ONLY,,HOLD_FOR_EVIDENCE_GAPS
2026-02-21,2026-04-22,velocity_band,HIGH_VELOCITY,TRUST_SIGNAL_AVAILABLE_BUT_HELD,AGENT_DELEGATION_ABSENT,SKILL_READ_PRESENT,5847,59461,0,0.0,0,5847,SURFACE_ELIGIBLE_RESEARCH_ONLY,,CONTINUE_RESEARCH
2026-02-21,2026-04-22,velocity_band,HIGH_VELOCITY,TRUST_SIGNAL_AVAILABLE_BUT_HELD,AGENT_DELEGATION_PRESENT,SKILL_READ_ABSENT,2249,22210,0,0.0,2249,0,SURFACE_ELIGIBLE_RESEARCH_ONLY,,HOLD_FOR_EVIDENCE_GAPS
2026-02-21,2026-04-22,velocity_band,HIGH_VELOCITY,TRUST_SIGNAL_AVAILABLE_BUT_HELD,AGENT_DELEGATION_PRESENT,SKILL_READ_PRESENT,920,8610,0,0.0,920,920,SURFACE_ELIGIBLE_RESEARCH_ONLY,,CONTINUE_RESEARCH
2026-02-21,2026-04-22,velocity_band,HIGH_VELOCITY,TRUST_SIGNAL_AVAILABLE_BUT_HELD,AGENT_DELEGATION_REPEATED,SKILL_READ_ABSENT,4416,27270,0,0.0,4416,0,SURFACE_ELIGIBLE_RESEARCH_ONLY,,CONTINUE_RESEARCH
2026-02-21,2026-04-22,velocity_band,HIGH_VELOCITY,TRUST_SIGNAL_AVAILABLE_BUT_HELD,AGENT_DELEGATION_REPEATED,SKILL_READ_PRESENT,2828,22826,0,0.0,2828,2828,SURFACE_ELIGIBLE_RESEARCH_ONLY,,CONTINUE_RESEARCH
2026-02-21,2026-04-22,velocity_band,HIGH_VELOCITY,TRUST_SIGNAL_WITH_ALIASING,AGENT_DELEGATION_ABSENT,SKILL_READ_ABSENT,24106,101437,0,0.0,0,0,SURFACE_ELIGIBLE_RESEARCH_ONLY,,HOLD_FOR_EVIDENCE_GAPS
2026-02-21,2026-04-22,velocity_band,HIGH_VELOCITY,TRUST_SIGNAL_WITH_ALIASING,AGENT_DELEGATION_ABSENT,SKILL_READ_PRESENT,5058,24150,0,0.0,0,5058,SURFACE_ELIGIBLE_RESEARCH_ONLY,,CONTINUE_RESEARCH
2026-02-21,2026-04-22,velocity_band,HIGH_VELOCITY,TRUST_SIGNAL_WITH_ALIASING,AGENT_DELEGATION_PRESENT,SKILL_READ_ABSENT,3398,14393,0,0.0,3398,0,SURFACE_ELIGIBLE_RESEARCH_ONLY,,HOLD_FOR_EVIDENCE_GAPS
2026-02-21,2026-04-22,velocity_band,HIGH_VELOCITY,TRUST_SIGNAL_WITH_ALIASING,AGENT_DELEGATION_PRESENT,SKILL_READ_PRESENT,1149,4643,0,0.0,1149,1149,SURFACE_ELIGIBLE_RESEARCH_ONLY,,CONTINUE_RESEARCH
2026-02-21,2026-04-22,velocity_band,HIGH_VELOCITY,TRUST_SIGNAL_WITH_ALIASING,AGENT_DELEGATION_REPEATED,SKILL_READ_ABSENT,15950,89363,0,0.0,15950,0,SURFACE_ELIGIBLE_RESEARCH_ONLY,,CONTINUE_RESEARCH
2026-02-21,2026-04-22,velocity_band,HIGH_VELOCITY,TRUST_SIGNAL_WITH_ALIASING,AGENT_DELEGATION_REPEATED,SKILL_READ_PRESENT,6052,33027,0,0.0,6052,6052,SURFACE_ELIGIBLE_RESEARCH_ONLY,,CONTINUE_RESEARCH
2026-02-21,2026-04-22,velocity_band,LOW_VELOCITY,ATTRIBUTABLE_TRUST_SIGNAL,AGENT_DELEGATION_ABSENT,SKILL_READ_ABSENT,874,1365,1348,0.9875457875457876,0,0,SURFACE_ELIGIBLE_RESEARCH_ONLY,,PROMOTE_FOR_BEHAVIOR_COHORT_REVIEW
2026-02-21,2026-04-22,velocity_band,LOW_VELOCITY,ATTRIBUTABLE_TRUST_SIGNAL,AGENT_DELEGATION_ABSENT,SKILL_READ_PRESENT,21,37,37,1.0,0,21,SURFACE_ELIGIBLE_RESEARCH_ONLY,,PROMOTE_FOR_BEHAVIOR_COHORT_REVIEW
2026-02-21,2026-04-22,velocity_band,LOW_VELOCITY,ATTRIBUTABLE_TRUST_SIGNAL,AGENT_DELEGATION_PRESENT,SKILL_READ_ABSENT,88,128,124,0.96875,88,0,SURFACE_ELIGIBLE_RESEARCH_ONLY,,PROMOTE_FOR_BEHAVIOR_COHORT_REVIEW
2026-02-21,2026-04-22,velocity_band,LOW_VELOCITY,ATTRIBUTABLE_TRUST_SIGNAL,AGENT_DELEGATION_PRESENT,SKILL_READ_PRESENT,,,,,,,SUPPRESS,INSUFFICIENT_VOLUME,HOLD_SMALL_CELL_SUPPRESSED
2026-02-21,2026-04-22,velocity_band,LOW_VELOCITY,ATTRIBUTABLE_TRUST_SIGNAL,AGENT_DELEGATION_REPEATED,SKILL_READ_ABSENT,101,158,138,0.8734177215189873,101,0,SURFACE_ELIGIBLE_RESEARCH_ONLY,,PROMOTE_FOR_BEHAVIOR_COHORT_REVIEW
2026-02-21,2026-04-22,velocity_band,LOW_VELOCITY,ATTRIBUTABLE_TRUST_SIGNAL,AGENT_DELEGATION_REPEATED,SKILL_READ_PRESENT,,,,,,,SUPPRESS,INSUFFICIENT_VOLUME,HOLD_SMALL_CELL_SUPPRESSED
2026-02-21,2026-04-22,velocity_band,LOW_VELOCITY,INSUFFICIENT_TRUST_EVIDENCE,AGENT_DELEGATION_ABSENT,SKILL_READ_ABSENT,711471,0,0,,0,0,SURFACE_ELIGIBLE_RESEARCH_ONLY,,HOLD_FOR_EVIDENCE_GAPS
2026-02-21,2026-04-22,velocity_band,LOW_VELOCITY,INSUFFICIENT_TRUST_EVIDENCE,AGENT_DELEGATION_ABSENT,SKILL_READ_PRESENT,1338,0,0,,0,1338,SURFACE_ELIGIBLE_RESEARCH_ONLY,,CONTINUE_RESEARCH
2026-02-21,2026-04-22,velocity_band,LOW_VELOCITY,INSUFFICIENT_TRUST_EVIDENCE,AGENT_DELEGATION_PRESENT,SKILL_READ_ABSENT,8051,0,0,,8051,0,SURFACE_ELIGIBLE_RESEARCH_ONLY,,HOLD_FOR_EVIDENCE_GAPS
2026-02-21,2026-04-22,velocity_band,LOW_VELOCITY,INSUFFICIENT_TRUST_EVIDENCE,AGENT_DELEGATION_PRESENT,SKILL_READ_PRESENT,74,0,0,,74,74,SURFACE_ELIGIBLE_RESEARCH_ONLY,,CONTINUE_RESEARCH
2026-02-21,2026-04-22,velocity_band,LOW_VELOCITY,INSUFFICIENT_TRUST_EVIDENCE,AGENT_DELEGATION_REPEATED,SKILL_READ_ABSENT,6782,0,0,,6782,0,SURFACE_ELIGIBLE_RESEARCH_ONLY,,CONTINUE_RESEARCH
2026-02-21,2026-04-22,velocity_band,LOW_VELOCITY,INSUFFICIENT_TRUST_EVIDENCE,AGENT_DELEGATION_REPEATED,SKILL_READ_PRESENT,36,0,0,,36,36,SURFACE_ELIGIBLE_RESEARCH_ONLY,,CONTINUE_RESEARCH
2026-02-21,2026-04-22,velocity_band,LOW_VELOCITY,TRUST_SIGNAL_AVAILABLE_BUT_HELD,AGENT_DELEGATION_ABSENT,SKILL_READ_ABSENT,537,922,0,0.0,0,0,SURFACE_ELIGIBLE_RESEARCH_ONLY,,HOLD_FOR_EVIDENCE_GAPS
2026-02-21,2026-04-22,velocity_band,LOW_VELOCITY,TRUST_SIGNAL_AVAILABLE_BUT_HELD,AGENT_DELEGATION_ABSENT,SKILL_READ_PRESENT,,,,,,,SUPPRESS,INSUFFICIENT_VOLUME,HOLD_SMALL_CELL_SUPPRESSED
2026-02-21,2026-04-22,velocity_band,LOW_VELOCITY,TRUST_SIGNAL_AVAILABLE_BUT_HELD,AGENT_DELEGATION_PRESENT,SKILL_READ_ABSENT,40,62,0,0.0,40,0,SURFACE_ELIGIBLE_RESEARCH_ONLY,,HOLD_FOR_EVIDENCE_GAPS
2026-02-21,2026-04-22,velocity_band,LOW_VELOCITY,TRUST_SIGNAL_AVAILABLE_BUT_HELD,AGENT_DELEGATION_REPEATED,SKILL_READ_ABSENT,45,71,0,0.0,45,0,SURFACE_ELIGIBLE_RESEARCH_ONLY,,CONTINUE_RESEARCH
2026-02-21,2026-04-22,velocity_band,LOW_VELOCITY,TRUST_SIGNAL_WITH_ALIASING,AGENT_DELEGATION_ABSENT,SKILL_READ_ABSENT,1983,3300,0,0.0,0,0,SURFACE_ELIGIBLE_RESEARCH_ONLY,,HOLD_FOR_EVIDENCE_GAPS
2026-02-21,2026-04-22,velocity_band,LOW_VELOCITY,TRUST_SIGNAL_WITH_ALIASING,AGENT_DELEGATION_ABSENT,SKILL_READ_PRESENT,9,13,0,0.0,0,9,SURFACE_ELIGIBLE_RESEARCH_ONLY,,CONTINUE_RESEARCH
2026-02-21,2026-04-22,velocity_band,LOW_VELOCITY,TRUST_SIGNAL_WITH_ALIASING,AGENT_DELEGATION_PRESENT,SKILL_READ_ABSENT,212,275,0,0.0,212,0,SURFACE_ELIGIBLE_RESEARCH_ONLY,,HOLD_FOR_EVIDENCE_GAPS
2026-02-21,2026-04-22,velocity_band,LOW_VELOCITY,TRUST_SIGNAL_WITH_ALIASING,AGENT_DELEGATION_PRESENT,SKILL_READ_PRESENT,5,6,0,0.0,5,5,SURFACE_ELIGIBLE_RESEARCH_ONLY,,CONTINUE_RESEARCH
2026-02-21,2026-04-22,velocity_band,LOW_VELOCITY,TRUST_SIGNAL_WITH_ALIASING,AGENT_DELEGATION_REPEATED,SKILL_READ_ABSENT,152,212,0,0.0,152,0,SURFACE_ELIGIBLE_RESEARCH_ONLY,,CONTINUE_RESEARCH
2026-02-21,2026-04-22,velocity_band,LOW_VELOCITY,TRUST_SIGNAL_WITH_ALIASING,AGENT_DELEGATION_REPEATED,SKILL_READ_PRESENT,,,,,,,SUPPRESS,INSUFFICIENT_VOLUME,HOLD_SMALL_CELL_SUPPRESSED
2026-02-21,2026-04-22,velocity_band,MEDIUM_VELOCITY,ATTRIBUTABLE_TRUST_SIGNAL,AGENT_DELEGATION_ABSENT,SKILL_READ_ABSENT,6361,13892,12475,0.8979988482579903,0,0,SURFACE_ELIGIBLE_RESEARCH_ONLY,,PROMOTE_FOR_BEHAVIOR_COHORT_REVIEW
2026-02-21,2026-04-22,velocity_band,MEDIUM_VELOCITY,ATTRIBUTABLE_TRUST_SIGNAL,AGENT_DELEGATION_ABSENT,SKILL_READ_PRESENT,690,1769,1674,0.9462973431317129,0,690,SURFACE_ELIGIBLE_RESEARCH_ONLY,,PROMOTE_FOR_BEHAVIOR_COHORT_REVIEW
2026-02-21,2026-04-22,velocity_band,MEDIUM_VELOCITY,ATTRIBUTABLE_TRUST_SIGNAL,AGENT_DELEGATION_PRESENT,SKILL_READ_ABSENT,984,2363,2051,0.8679644519678374,984,0,SURFACE_ELIGIBLE_RESEARCH_ONLY,,PROMOTE_FOR_BEHAVIOR_COHORT_REVIEW
2026-02-21,2026-04-22,velocity_band,MEDIUM_VELOCITY,ATTRIBUTABLE_TRUST_SIGNAL,AGENT_DELEGATION_PRESENT,SKILL_READ_PRESENT,127,322,286,0.8881987577639752,127,127,SURFACE_ELIGIBLE_RESEARCH_ONLY,,PROMOTE_FOR_BEHAVIOR_COHORT_REVIEW
2026-02-21,2026-04-22,velocity_band,MEDIUM_VELOCITY,ATTRIBUTABLE_TRUST_SIGNAL,AGENT_DELEGATION_REPEATED,SKILL_READ_ABSENT,2424,6514,4798,0.7365673933067239,2424,0,SURFACE_ELIGIBLE_RESEARCH_ONLY,,PROMOTE_FOR_BEHAVIOR_COHORT_REVIEW
2026-02-21,2026-04-22,velocity_band,MEDIUM_VELOCITY,ATTRIBUTABLE_TRUST_SIGNAL,AGENT_DELEGATION_REPEATED,SKILL_READ_PRESENT,228,781,618,0.7912932138284251,228,228,SURFACE_ELIGIBLE_RESEARCH_ONLY,,PROMOTE_FOR_BEHAVIOR_COHORT_REVIEW
2026-02-21,2026-04-22,velocity_band,MEDIUM_VELOCITY,INSUFFICIENT_TRUST_EVIDENCE,AGENT_DELEGATION_ABSENT,SKILL_READ_ABSENT,665045,0,0,,0,0,SURFACE_ELIGIBLE_RESEARCH_ONLY,,HOLD_FOR_EVIDENCE_GAPS
2026-02-21,2026-04-22,velocity_band,MEDIUM_VELOCITY,INSUFFICIENT_TRUST_EVIDENCE,AGENT_DELEGATION_ABSENT,SKILL_READ_PRESENT,11146,0,0,,0,11146,SURFACE_ELIGIBLE_RESEARCH_ONLY,,CONTINUE_RESEARCH
2026-02-21,2026-04-22,velocity_band,MEDIUM_VELOCITY,INSUFFICIENT_TRUST_EVIDENCE,AGENT_DELEGATION_PRESENT,SKILL_READ_ABSENT,19139,0,0,,19139,0,SURFACE_ELIGIBLE_RESEARCH_ONLY,,HOLD_FOR_EVIDENCE_GAPS
2026-02-21,2026-04-22,velocity_band,MEDIUM_VELOCITY,INSUFFICIENT_TRUST_EVIDENCE,AGENT_DELEGATION_PRESENT,SKILL_READ_PRESENT,1076,0,0,,1076,1076,SURFACE_ELIGIBLE_RESEARCH_ONLY,,CONTINUE_RESEARCH
2026-02-21,2026-04-22,velocity_band,MEDIUM_VELOCITY,INSUFFICIENT_TRUST_EVIDENCE,AGENT_DELEGATION_REPEATED,SKILL_READ_ABSENT,38874,0,0,,38874,0,SURFACE_ELIGIBLE_RESEARCH_ONLY,,CONTINUE_RESEARCH
2026-02-21,2026-04-22,velocity_band,MEDIUM_VELOCITY,INSUFFICIENT_TRUST_EVIDENCE,AGENT_DELEGATION_REPEATED,SKILL_READ_PRESENT,1552,0,0,,1552,1552,SURFACE_ELIGIBLE_RESEARCH_ONLY,,CONTINUE_RESEARCH
2026-02-21,2026-04-22,velocity_band,MEDIUM_VELOCITY,TRUST_SIGNAL_AVAILABLE_BUT_HELD,AGENT_DELEGATION_ABSENT,SKILL_READ_ABSENT,3613,9004,0,0.0,0,0,SURFACE_ELIGIBLE_RESEARCH_ONLY,,HOLD_FOR_EVIDENCE_GAPS
2026-02-21,2026-04-22,velocity_band,MEDIUM_VELOCITY,TRUST_SIGNAL_AVAILABLE_BUT_HELD,AGENT_DELEGATION_ABSENT,SKILL_READ_PRESENT,197,433,0,0.0,0,197,SURFACE_ELIGIBLE_RESEARCH_ONLY,,CONTINUE_RESEARCH
2026-02-21,2026-04-22,velocity_band,MEDIUM_VELOCITY,TRUST_SIGNAL_AVAILABLE_BUT_HELD,AGENT_DELEGATION_PRESENT,SKILL_READ_ABSENT,356,810,0,0.0,356,0,SURFACE_ELIGIBLE_RESEARCH_ONLY,,HOLD_FOR_EVIDENCE_GAPS
2026-02-21,2026-04-22,velocity_band,MEDIUM_VELOCITY,TRUST_SIGNAL_AVAILABLE_BUT_HELD,AGENT_DELEGATION_PRESENT,SKILL_READ_PRESENT,27,54,0,0.0,27,27,SURFACE_ELIGIBLE_RESEARCH_ONLY,,CONTINUE_RESEARCH
2026-02-21,2026-04-22,velocity_band,MEDIUM_VELOCITY,TRUST_SIGNAL_AVAILABLE_BUT_HELD,AGENT_DELEGATION_REPEATED,SKILL_READ_ABSENT,578,1216,0,0.0,578,0,SURFACE_ELIGIBLE_RESEARCH_ONLY,,CONTINUE_RESEARCH
2026-02-21,2026-04-22,velocity_band,MEDIUM_VELOCITY,TRUST_SIGNAL_AVAILABLE_BUT_HELD,AGENT_DELEGATION_REPEATED,SKILL_READ_PRESENT,41,75,0,0.0,41,41,SURFACE_ELIGIBLE_RESEARCH_ONLY,,CONTINUE_RESEARCH
2026-02-21,2026-04-22,velocity_band,MEDIUM_VELOCITY,TRUST_SIGNAL_WITH_ALIASING,AGENT_DELEGATION_ABSENT,SKILL_READ_ABSENT,8701,20975,0,0.0,0,0,SURFACE_ELIGIBLE_RESEARCH_ONLY,,HOLD_FOR_EVIDENCE_GAPS
2026-02-21,2026-04-22,velocity_band,MEDIUM_VELOCITY,TRUST_SIGNAL_WITH_ALIASING,AGENT_DELEGATION_ABSENT,SKILL_READ_PRESENT,244,440,0,0.0,0,244,SURFACE_ELIGIBLE_RESEARCH_ONLY,,CONTINUE_RESEARCH
2026-02-21,2026-04-22,velocity_band,MEDIUM_VELOCITY,TRUST_SIGNAL_WITH_ALIASING,AGENT_DELEGATION_PRESENT,SKILL_READ_ABSENT,1217,2568,0,0.0,1217,0,SURFACE_ELIGIBLE_RESEARCH_ONLY,,HOLD_FOR_EVIDENCE_GAPS
2026-02-21,2026-04-22,velocity_band,MEDIUM_VELOCITY,TRUST_SIGNAL_WITH_ALIASING,AGENT_DELEGATION_PRESENT,SKILL_READ_PRESENT,55,78,0,0.0,55,55,SURFACE_ELIGIBLE_RESEARCH_ONLY,,CONTINUE_RESEARCH
2026-02-21,2026-04-22,velocity_band,MEDIUM_VELOCITY,TRUST_SIGNAL_WITH_ALIASING,AGENT_DELEGATION_REPEATED,SKILL_READ_ABSENT,3317,6712,0,0.0,3317,0,SURFACE_ELIGIBLE_RESEARCH_ONLY,,CONTINUE_RESEARCH
2026-02-21,2026-04-22,velocity_band,MEDIUM_VELOCITY,TRUST_SIGNAL_WITH_ALIASING,AGENT_DELEGATION_REPEATED,SKILL_READ_PRESENT,209,315,0,0.0,209,209,SURFACE_ELIGIBLE_RESEARCH_ONLY,,CONTINUE_RESEARCH
