velocity_band,depth_repertoire_band,trust_classification,agent_delegation_classification,skill_read_presence_classification,readout_zone_test_result,value_hypothesis_test_result,window_count,windows_present,row_count,surface_eligible_row_count,suppressed_row_count,redacted_metric_row_count,min_cohort_size,max_cohort_size,total_cohort_rows,total_signal_count,total_attributed_signal_count,avg_attributed_signal_share,total_agent_delegation_user_rows,total_skill_read_user_rows,readiness_decisions
LOW_VELOCITY,INTEGRATED_REPERTOIRE,ATTRIBUTABLE_TRUST_SIGNAL,AGENT_DELEGATION_ABSENT,SKILL_READ_ABSENT,FOCUSED_EXPERT_USE,NET_NEW_OR_QUALITY_PREMIUM_CANDIDATE_REQUIRES_BUSINESS_CONTEXT,3,window_1|window_2|window_3,3,3,0,0,81,283,572,935,861,0.925386,0,0,PROMOTE_FOR_FOCUSED_USE_REVIEW
LOW_VELOCITY,INTEGRATED_REPERTOIRE,ATTRIBUTABLE_TRUST_SIGNAL,AGENT_DELEGATION_PRESENT,SKILL_READ_ABSENT,FOCUSED_EXPERT_USE,NET_NEW_OR_QUALITY_PREMIUM_CANDIDATE_REQUIRES_BUSINESS_CONTEXT,3,window_1|window_2|window_3,3,3,0,0,39,162,282,412,376,0.934526,282,0,PROMOTE_FOR_FOCUSED_USE_REVIEW
LOW_VELOCITY,INTEGRATED_REPERTOIRE,ATTRIBUTABLE_TRUST_SIGNAL,AGENT_DELEGATION_REPEATED,SKILL_READ_ABSENT,FOCUSED_EXPERT_USE,NET_NEW_OR_QUALITY_PREMIUM_CANDIDATE_REQUIRES_BUSINESS_CONTEXT,3,window_1|window_2|window_3,3,3,0,0,19,232,350,571,471,0.86115,350,0,PROMOTE_FOR_FOCUSED_USE_REVIEW
HIGH_VELOCITY,INTEGRATED_REPERTOIRE,ATTRIBUTABLE_TRUST_SIGNAL,AGENT_DELEGATION_ABSENT,SKILL_READ_ABSENT,SCALE_CANDIDATE,ACCELERATION_OR_QUALITY_PREMIUM_CANDIDATE_REQUIRES_OUTCOME_EVIDENCE,3,window_1|window_2|window_3,3,3,0,0,6982,10814,27117,109744,64348,0.582972,0,0,PROMOTE_FOR_SCALE_CANDIDATE_STABILITY_REVIEW
HIGH_VELOCITY,INTEGRATED_REPERTOIRE,ATTRIBUTABLE_TRUST_SIGNAL,AGENT_DELEGATION_ABSENT,SKILL_READ_PRESENT,SCALE_CANDIDATE,ACCELERATION_OR_QUALITY_PREMIUM_CANDIDATE_REQUIRES_OUTCOME_EVIDENCE,3,window_1|window_2|window_3,3,3,0,0,1362,7565,13691,73719,34365,0.5405,0,13691,PROMOTE_FOR_SCALE_CANDIDATE_STABILITY_REVIEW
HIGH_VELOCITY,INTEGRATED_REPERTOIRE,ATTRIBUTABLE_TRUST_SIGNAL,AGENT_DELEGATION_PRESENT,SKILL_READ_ABSENT,SCALE_CANDIDATE,ACCELERATION_OR_QUALITY_PREMIUM_CANDIDATE_REQUIRES_OUTCOME_EVIDENCE,3,window_1|window_2|window_3,3,3,0,0,1936,2716,6808,31684,19782,0.627315,6808,0,PROMOTE_FOR_SCALE_CANDIDATE_STABILITY_REVIEW
HIGH_VELOCITY,INTEGRATED_REPERTOIRE,ATTRIBUTABLE_TRUST_SIGNAL,AGENT_DELEGATION_PRESENT,SKILL_READ_PRESENT,SCALE_CANDIDATE,ACCELERATION_OR_QUALITY_PREMIUM_CANDIDATE_REQUIRES_OUTCOME_EVIDENCE,3,window_1|window_2|window_3,3,3,0,0,352,2141,3747,19790,9620,0.552724,3747,3747,PROMOTE_FOR_SCALE_CANDIDATE_STABILITY_REVIEW
HIGH_VELOCITY,INTEGRATED_REPERTOIRE,ATTRIBUTABLE_TRUST_SIGNAL,AGENT_DELEGATION_REPEATED,SKILL_READ_ABSENT,SCALE_CANDIDATE,ACCELERATION_OR_QUALITY_PREMIUM_CANDIDATE_REQUIRES_OUTCOME_EVIDENCE,3,window_1|window_2|window_3,3,3,0,0,7162,13146,32959,212008,103572,0.47948,32959,0,PROMOTE_FOR_SCALE_CANDIDATE_STABILITY_REVIEW
HIGH_VELOCITY,INTEGRATED_REPERTOIRE,ATTRIBUTABLE_TRUST_SIGNAL,AGENT_DELEGATION_REPEATED,SKILL_READ_PRESENT,SCALE_CANDIDATE,ACCELERATION_OR_QUALITY_PREMIUM_CANDIDATE_REQUIRES_OUTCOME_EVIDENCE,3,window_1|window_2|window_3,3,3,0,0,2005,11452,20041,182633,66701,0.365601,20041,20041,PROMOTE_FOR_SCALE_CANDIDATE_STABILITY_REVIEW
MEDIUM_VELOCITY,INTEGRATED_REPERTOIRE,ATTRIBUTABLE_TRUST_SIGNAL,AGENT_DELEGATION_ABSENT,SKILL_READ_ABSENT,SCALE_CANDIDATE,ACCELERATION_OR_QUALITY_PREMIUM_CANDIDATE_REQUIRES_OUTCOME_EVIDENCE,3,window_1|window_2|window_3,3,3,0,0,2353,3416,8682,19976,15695,0.786466,0,0,PROMOTE_FOR_SCALE_CANDIDATE_STABILITY_REVIEW
MEDIUM_VELOCITY,INTEGRATED_REPERTOIRE,ATTRIBUTABLE_TRUST_SIGNAL,AGENT_DELEGATION_ABSENT,SKILL_READ_PRESENT,SCALE_CANDIDATE,ACCELERATION_OR_QUALITY_PREMIUM_CANDIDATE_REQUIRES_OUTCOME_EVIDENCE,3,window_1|window_2|window_3,3,3,0,0,85,1099,1531,4209,3189,0.799289,0,1531,PROMOTE_FOR_SCALE_CANDIDATE_STABILITY_REVIEW
MEDIUM_VELOCITY,INTEGRATED_REPERTOIRE,ATTRIBUTABLE_TRUST_SIGNAL,AGENT_DELEGATION_PRESENT,SKILL_READ_ABSENT,SCALE_CANDIDATE,ACCELERATION_OR_QUALITY_PREMIUM_CANDIDATE_REQUIRES_OUTCOME_EVIDENCE,3,window_1|window_2|window_3,3,3,0,0,554,1019,2547,6371,4987,0.783521,2547,0,PROMOTE_FOR_SCALE_CANDIDATE_STABILITY_REVIEW
MEDIUM_VELOCITY,INTEGRATED_REPERTOIRE,ATTRIBUTABLE_TRUST_SIGNAL,AGENT_DELEGATION_PRESENT,SKILL_READ_PRESENT,SCALE_CANDIDATE,ACCELERATION_OR_QUALITY_PREMIUM_CANDIDATE_REQUIRES_OUTCOME_EVIDENCE,3,window_1|window_2|window_3,3,3,0,0,29,329,480,1301,1005,0.775075,480,480,PROMOTE_FOR_SCALE_CANDIDATE_STABILITY_REVIEW
MEDIUM_VELOCITY,INTEGRATED_REPERTOIRE,ATTRIBUTABLE_TRUST_SIGNAL,AGENT_DELEGATION_REPEATED,SKILL_READ_ABSENT,SCALE_CANDIDATE,ACCELERATION_OR_QUALITY_PREMIUM_CANDIDATE_REQUIRES_OUTCOME_EVIDENCE,3,window_1|window_2|window_3,3,3,0,0,914,3281,6582,18762,12386,0.659952,6582,0,PROMOTE_FOR_SCALE_CANDIDATE_STABILITY_REVIEW
MEDIUM_VELOCITY,INTEGRATED_REPERTOIRE,ATTRIBUTABLE_TRUST_SIGNAL,AGENT_DELEGATION_REPEATED,SKILL_READ_PRESENT,SCALE_CANDIDATE,ACCELERATION_OR_QUALITY_PREMIUM_CANDIDATE_REQUIRES_OUTCOME_EVIDENCE,3,window_1|window_2|window_3,3,3,0,0,42,649,915,3143,2125,0.766984,915,915,PROMOTE_FOR_SCALE_CANDIDATE_STABILITY_REVIEW
HIGH_VELOCITY,ACTIVE_BUT_SHALLOW,ATTRIBUTABLE_TRUST_SIGNAL,AGENT_DELEGATION_ABSENT,SKILL_READ_ABSENT,SHALLOW_ADOPTION,UNCLASSIFIED_FRICTION_INVESTIGATION,3,window_1|window_2|window_3,3,3,0,0,1318,2143,5268,24403,16679,0.682332,0,0,CONTINUE_AS_SHALLOW_ADOPTION_REVIEW
HIGH_VELOCITY,ACTIVE_BUT_SHALLOW,ATTRIBUTABLE_TRUST_SIGNAL,AGENT_DELEGATION_ABSENT,SKILL_READ_PRESENT,SHALLOW_ADOPTION,UNCLASSIFIED_FRICTION_INVESTIGATION,3,window_1|window_2|window_3,3,3,0,0,60,1051,1602,6507,4569,0.791603,0,1602,CONTINUE_AS_SHALLOW_ADOPTION_REVIEW
LOW_VELOCITY,ACTIVE_BUT_SHALLOW,ATTRIBUTABLE_TRUST_SIGNAL,AGENT_DELEGATION_ABSENT,SKILL_READ_ABSENT,SHALLOW_ADOPTION,UNCLASSIFIED_FRICTION_INVESTIGATION,3,window_1|window_2|window_3,3,3,0,0,251,1050,1967,3008,2872,0.963593,0,0,CONTINUE_AS_SHALLOW_ADOPTION_REVIEW
LOW_VELOCITY,ACTIVE_BUT_SHALLOW,ATTRIBUTABLE_TRUST_SIGNAL,AGENT_DELEGATION_PRESENT,SKILL_READ_ABSENT,SHALLOW_ADOPTION,UNCLASSIFIED_FRICTION_INVESTIGATION,3,window_1|window_2|window_3,3,3,0,0,7,15,30,34,34,1.0,30,0,CONTINUE_AS_SHALLOW_ADOPTION_REVIEW
MEDIUM_VELOCITY,ACTIVE_BUT_SHALLOW,ATTRIBUTABLE_TRUST_SIGNAL,AGENT_DELEGATION_ABSENT,SKILL_READ_ABSENT,SHALLOW_ADOPTION,UNCLASSIFIED_FRICTION_INVESTIGATION,3,window_1|window_2|window_3,3,3,0,0,1316,2869,7010,16873,14177,0.824269,0,0,CONTINUE_AS_SHALLOW_ADOPTION_REVIEW
MEDIUM_VELOCITY,ACTIVE_BUT_SHALLOW,ATTRIBUTABLE_TRUST_SIGNAL,AGENT_DELEGATION_ABSENT,SKILL_READ_PRESENT,SHALLOW_ADOPTION,UNCLASSIFIED_FRICTION_INVESTIGATION,3,window_1|window_2|window_3,3,3,0,0,47,868,1237,3060,2512,0.90697,0,1237,CONTINUE_AS_SHALLOW_ADOPTION_REVIEW
HIGH_VELOCITY,ACTIVE_BUT_SHALLOW,TRUST_SIGNAL_AVAILABLE_BUT_HELD,AGENT_DELEGATION_PRESENT,SKILL_READ_ABSENT,SUPPRESSED,NO_VALUE_HYPOTHESIS,3,window_1|window_2|window_3,3,0,3,3,,,0,0,0,,0,0,HOLD_SMALL_CELL_SUPPRESSED
LOW_VELOCITY,FOCUSED_INTEGRATION,TRUST_SIGNAL_WITH_ALIASING,AGENT_DELEGATION_ABSENT,SKILL_READ_ABSENT,SUPPRESSED,NO_VALUE_HYPOTHESIS,3,window_1|window_2|window_3,3,0,3,3,,,0,0,0,,0,0,HOLD_SMALL_CELL_SUPPRESSED
MEDIUM_VELOCITY,ACTIVE_BUT_SHALLOW,ATTRIBUTABLE_TRUST_SIGNAL,AGENT_DELEGATION_REPEATED,SKILL_READ_ABSENT,SUPPRESSED,NO_VALUE_HYPOTHESIS,3,window_1|window_2|window_3,3,0,3,3,,,0,0,0,,0,0,HOLD_SMALL_CELL_SUPPRESSED
HIGH_VELOCITY,ACTIVE_BUT_SHALLOW,INSUFFICIENT_TRUST_EVIDENCE,AGENT_DELEGATION_ABSENT,SKILL_READ_ABSENT,TRUST_EVIDENCE_GAP,UNCLASSIFIED_TRUST_LOOP_INVESTIGATION,3,window_1|window_2|window_3,3,3,0,0,50954,67141,178942,0,0,,0,0,HOLD_FOR_TRUST_EVIDENCE_GAP
HIGH_VELOCITY,ACTIVE_BUT_SHALLOW,INSUFFICIENT_TRUST_EVIDENCE,AGENT_DELEGATION_ABSENT,SKILL_READ_PRESENT,TRUST_EVIDENCE_GAP,UNCLASSIFIED_TRUST_LOOP_INVESTIGATION,3,window_1|window_2|window_3,3,3,0,0,605,4976,8928,0,0,,0,8928,HOLD_FOR_TRUST_EVIDENCE_GAP
HIGH_VELOCITY,ACTIVE_BUT_SHALLOW,INSUFFICIENT_TRUST_EVIDENCE,AGENT_DELEGATION_PRESENT,SKILL_READ_ABSENT,TRUST_EVIDENCE_GAP,UNCLASSIFIED_TRUST_LOOP_INVESTIGATION,3,window_1|window_2|window_3,3,3,0,0,133,372,718,0,0,,718,0,HOLD_FOR_TRUST_EVIDENCE_GAP
HIGH_VELOCITY,ACTIVE_BUT_SHALLOW,INSUFFICIENT_TRUST_EVIDENCE,AGENT_DELEGATION_REPEATED,SKILL_READ_ABSENT,TRUST_EVIDENCE_GAP,UNCLASSIFIED_TRUST_LOOP_INVESTIGATION,3,window_1|window_2|window_3,3,3,0,0,275,697,1360,0,0,,1360,0,HOLD_FOR_TRUST_EVIDENCE_GAP
HIGH_VELOCITY,ACTIVE_BUT_SHALLOW,TRUST_SIGNAL_AVAILABLE_BUT_HELD,AGENT_DELEGATION_ABSENT,SKILL_READ_ABSENT,TRUST_EVIDENCE_GAP,UNCLASSIFIED_TRUST_LOOP_INVESTIGATION,3,window_1|window_2|window_3,3,3,0,0,1110,2216,5034,36261,0,0.0,0,0,HOLD_FOR_TRUST_EVIDENCE_GAP
HIGH_VELOCITY,ACTIVE_BUT_SHALLOW,TRUST_SIGNAL_AVAILABLE_BUT_HELD,AGENT_DELEGATION_ABSENT,SKILL_READ_PRESENT,TRUST_EVIDENCE_GAP,UNCLASSIFIED_TRUST_LOOP_INVESTIGATION,3,window_1|window_2|window_3,3,3,0,0,39,119,251,2489,0,0.0,0,251,HOLD_FOR_TRUST_EVIDENCE_GAP
HIGH_VELOCITY,ACTIVE_BUT_SHALLOW,TRUST_SIGNAL_WITH_ALIASING,AGENT_DELEGATION_ABSENT,SKILL_READ_ABSENT,TRUST_EVIDENCE_GAP,UNCLASSIFIED_TRUST_LOOP_INVESTIGATION,3,window_1|window_2|window_3,3,3,0,0,2044,5201,10057,56974,0,0.0,0,0,HOLD_FOR_TRUST_EVIDENCE_GAP
HIGH_VELOCITY,ACTIVE_BUT_SHALLOW,TRUST_SIGNAL_WITH_ALIASING,AGENT_DELEGATION_ABSENT,SKILL_READ_PRESENT,TRUST_EVIDENCE_GAP,UNCLASSIFIED_TRUST_LOOP_INVESTIGATION,3,window_1|window_2|window_3,3,3,0,0,14,2934,2995,17820,0,0.0,0,2995,HOLD_FOR_TRUST_EVIDENCE_GAP
HIGH_VELOCITY,ACTIVE_BUT_SHALLOW,TRUST_SIGNAL_WITH_ALIASING,AGENT_DELEGATION_REPEATED,SKILL_READ_ABSENT,TRUST_EVIDENCE_GAP,UNCLASSIFIED_TRUST_LOOP_INVESTIGATION,3,window_1|window_2|window_3,3,3,0,0,11,25,60,371,0,0.0,60,0,HOLD_FOR_TRUST_EVIDENCE_GAP
HIGH_VELOCITY,FOCUSED_INTEGRATION,INSUFFICIENT_TRUST_EVIDENCE,AGENT_DELEGATION_ABSENT,SKILL_READ_ABSENT,TRUST_EVIDENCE_GAP,UNCLASSIFIED_TRUST_LOOP_INVESTIGATION,3,window_1|window_2|window_3,3,3,0,0,104986,133281,351820,0,0,,0,0,HOLD_FOR_TRUST_EVIDENCE_GAP
HIGH_VELOCITY,FOCUSED_INTEGRATION,INSUFFICIENT_TRUST_EVIDENCE,AGENT_DELEGATION_ABSENT,SKILL_READ_PRESENT,TRUST_EVIDENCE_GAP,UNCLASSIFIED_TRUST_LOOP_INVESTIGATION,3,window_1|window_2|window_3,3,3,0,0,12,133,222,0,0,,0,222,HOLD_FOR_TRUST_EVIDENCE_GAP
HIGH_VELOCITY,FOCUSED_INTEGRATION,TRUST_SIGNAL_AVAILABLE_BUT_HELD,AGENT_DELEGATION_ABSENT,SKILL_READ_ABSENT,TRUST_EVIDENCE_GAP,UNCLASSIFIED_TRUST_LOOP_INVESTIGATION,3,window_1|window_2|window_3,3,3,0,0,75,134,319,4754,0,0.0,0,0,HOLD_FOR_TRUST_EVIDENCE_GAP
HIGH_VELOCITY,INTEGRATED_REPERTOIRE,INSUFFICIENT_TRUST_EVIDENCE,AGENT_DELEGATION_ABSENT,SKILL_READ_ABSENT,TRUST_EVIDENCE_GAP,UNCLASSIFIED_TRUST_LOOP_INVESTIGATION,3,window_1|window_2|window_3,3,3,0,0,166954,272276,686757,0,0,,0,0,HOLD_FOR_TRUST_EVIDENCE_GAP
HIGH_VELOCITY,INTEGRATED_REPERTOIRE,INSUFFICIENT_TRUST_EVIDENCE,AGENT_DELEGATION_ABSENT,SKILL_READ_PRESENT,TRUST_EVIDENCE_GAP,UNCLASSIFIED_TRUST_LOOP_INVESTIGATION,3,window_1|window_2|window_3,3,3,0,0,15776,47990,109686,0,0,,0,109686,HOLD_FOR_TRUST_EVIDENCE_GAP
HIGH_VELOCITY,INTEGRATED_REPERTOIRE,INSUFFICIENT_TRUST_EVIDENCE,AGENT_DELEGATION_PRESENT,SKILL_READ_ABSENT,TRUST_EVIDENCE_GAP,UNCLASSIFIED_TRUST_LOOP_INVESTIGATION,3,window_1|window_2|window_3,3,3,0,0,15753,33208,76437,0,0,,76437,0,HOLD_FOR_TRUST_EVIDENCE_GAP
HIGH_VELOCITY,INTEGRATED_REPERTOIRE,INSUFFICIENT_TRUST_EVIDENCE,AGENT_DELEGATION_PRESENT,SKILL_READ_PRESENT,TRUST_EVIDENCE_GAP,UNCLASSIFIED_TRUST_LOOP_INVESTIGATION,3,window_1|window_2|window_3,3,3,0,0,2902,7902,18107,0,0,,18107,18107,HOLD_FOR_TRUST_EVIDENCE_GAP
HIGH_VELOCITY,INTEGRATED_REPERTOIRE,INSUFFICIENT_TRUST_EVIDENCE,AGENT_DELEGATION_REPEATED,SKILL_READ_ABSENT,TRUST_EVIDENCE_GAP,UNCLASSIFIED_TRUST_LOOP_INVESTIGATION,3,window_1|window_2|window_3,3,3,0,0,39632,75013,182401,0,0,,182401,0,HOLD_FOR_TRUST_EVIDENCE_GAP
HIGH_VELOCITY,INTEGRATED_REPERTOIRE,INSUFFICIENT_TRUST_EVIDENCE,AGENT_DELEGATION_REPEATED,SKILL_READ_PRESENT,TRUST_EVIDENCE_GAP,UNCLASSIFIED_TRUST_LOOP_INVESTIGATION,3,window_1|window_2|window_3,3,3,0,0,8566,18574,44571,0,0,,44571,44571,HOLD_FOR_TRUST_EVIDENCE_GAP
HIGH_VELOCITY,INTEGRATED_REPERTOIRE,TRUST_SIGNAL_AVAILABLE_BUT_HELD,AGENT_DELEGATION_ABSENT,SKILL_READ_ABSENT,TRUST_EVIDENCE_GAP,UNCLASSIFIED_TRUST_LOOP_INVESTIGATION,3,window_1|window_2|window_3,3,3,0,0,14994,19940,53235,397671,0,0.0,0,0,HOLD_FOR_TRUST_EVIDENCE_GAP
HIGH_VELOCITY,INTEGRATED_REPERTOIRE,TRUST_SIGNAL_AVAILABLE_BUT_HELD,AGENT_DELEGATION_ABSENT,SKILL_READ_PRESENT,TRUST_EVIDENCE_GAP,UNCLASSIFIED_TRUST_LOOP_INVESTIGATION,3,window_1|window_2|window_3,3,3,0,0,1632,5756,12147,101317,0,0.0,0,12147,HOLD_FOR_TRUST_EVIDENCE_GAP
HIGH_VELOCITY,INTEGRATED_REPERTOIRE,TRUST_SIGNAL_AVAILABLE_BUT_HELD,AGENT_DELEGATION_PRESENT,SKILL_READ_ABSENT,TRUST_EVIDENCE_GAP,UNCLASSIFIED_TRUST_LOOP_INVESTIGATION,3,window_1|window_2|window_3,3,3,0,0,1172,3123,6550,52022,0,0.0,6550,0,HOLD_FOR_TRUST_EVIDENCE_GAP
HIGH_VELOCITY,INTEGRATED_REPERTOIRE,TRUST_SIGNAL_AVAILABLE_BUT_HELD,AGENT_DELEGATION_PRESENT,SKILL_READ_PRESENT,TRUST_EVIDENCE_GAP,UNCLASSIFIED_TRUST_LOOP_INVESTIGATION,3,window_1|window_2|window_3,3,3,0,0,355,921,1950,14815,0,0.0,1950,1950,HOLD_FOR_TRUST_EVIDENCE_GAP
HIGH_VELOCITY,INTEGRATED_REPERTOIRE,TRUST_SIGNAL_AVAILABLE_BUT_HELD,AGENT_DELEGATION_REPEATED,SKILL_READ_ABSENT,TRUST_EVIDENCE_GAP,UNCLASSIFIED_TRUST_LOOP_INVESTIGATION,3,window_1|window_2|window_3,3,3,0,0,1907,7822,14146,107556,0,0.0,14146,0,HOLD_FOR_TRUST_EVIDENCE_GAP
HIGH_VELOCITY,INTEGRATED_REPERTOIRE,TRUST_SIGNAL_AVAILABLE_BUT_HELD,AGENT_DELEGATION_REPEATED,SKILL_READ_PRESENT,TRUST_EVIDENCE_GAP,UNCLASSIFIED_TRUST_LOOP_INVESTIGATION,3,window_1|window_2|window_3,3,3,0,0,1389,2830,6009,40913,0,0.0,6009,6009,HOLD_FOR_TRUST_EVIDENCE_GAP
HIGH_VELOCITY,INTEGRATED_REPERTOIRE,TRUST_SIGNAL_WITH_ALIASING,AGENT_DELEGATION_ABSENT,SKILL_READ_ABSENT,TRUST_EVIDENCE_GAP,UNCLASSIFIED_TRUST_LOOP_INVESTIGATION,3,window_1|window_2|window_3,3,3,0,0,22134,72817,130890,578257,0,0.0,0,0,HOLD_FOR_TRUST_EVIDENCE_GAP
HIGH_VELOCITY,INTEGRATED_REPERTOIRE,TRUST_SIGNAL_WITH_ALIASING,AGENT_DELEGATION_ABSENT,SKILL_READ_PRESENT,TRUST_EVIDENCE_GAP,UNCLASSIFIED_TRUST_LOOP_INVESTIGATION,3,window_1|window_2|window_3,3,3,0,0,2478,49315,56811,348538,0,0.0,0,56811,HOLD_FOR_TRUST_EVIDENCE_GAP
HIGH_VELOCITY,INTEGRATED_REPERTOIRE,TRUST_SIGNAL_WITH_ALIASING,AGENT_DELEGATION_PRESENT,SKILL_READ_ABSENT,TRUST_EVIDENCE_GAP,UNCLASSIFIED_TRUST_LOOP_INVESTIGATION,3,window_1|window_2|window_3,3,3,0,0,3406,9628,18364,86085,0,0.0,18364,0,HOLD_FOR_TRUST_EVIDENCE_GAP
HIGH_VELOCITY,INTEGRATED_REPERTOIRE,TRUST_SIGNAL_WITH_ALIASING,AGENT_DELEGATION_PRESENT,SKILL_READ_PRESENT,TRUST_EVIDENCE_GAP,UNCLASSIFIED_TRUST_LOOP_INVESTIGATION,3,window_1|window_2|window_3,3,3,0,0,575,9709,11434,68255,0,0.0,11434,11434,HOLD_FOR_TRUST_EVIDENCE_GAP
HIGH_VELOCITY,INTEGRATED_REPERTOIRE,TRUST_SIGNAL_WITH_ALIASING,AGENT_DELEGATION_REPEATED,SKILL_READ_ABSENT,TRUST_EVIDENCE_GAP,UNCLASSIFIED_TRUST_LOOP_INVESTIGATION,3,window_1|window_2|window_3,3,3,0,0,15980,32978,65691,320097,0,0.0,65691,0,HOLD_FOR_TRUST_EVIDENCE_GAP
HIGH_VELOCITY,INTEGRATED_REPERTOIRE,TRUST_SIGNAL_WITH_ALIASING,AGENT_DELEGATION_REPEATED,SKILL_READ_PRESENT,TRUST_EVIDENCE_GAP,UNCLASSIFIED_TRUST_LOOP_INVESTIGATION,3,window_1|window_2|window_3,3,3,0,0,2251,29593,37900,250831,0,0.0,37900,37900,HOLD_FOR_TRUST_EVIDENCE_GAP
LOW_VELOCITY,ACTIVE_BUT_SHALLOW,INSUFFICIENT_TRUST_EVIDENCE,AGENT_DELEGATION_ABSENT,SKILL_READ_ABSENT,TRUST_EVIDENCE_GAP,UNCLASSIFIED_TRUST_LOOP_INVESTIGATION,3,window_1|window_2|window_3,3,3,0,0,135464,173739,462006,0,0,,0,0,HOLD_FOR_TRUST_EVIDENCE_GAP
LOW_VELOCITY,ACTIVE_BUT_SHALLOW,INSUFFICIENT_TRUST_EVIDENCE,AGENT_DELEGATION_ABSENT,SKILL_READ_PRESENT,TRUST_EVIDENCE_GAP,UNCLASSIFIED_TRUST_LOOP_INVESTIGATION,3,window_1|window_2|window_3,3,3,0,0,224,2899,4100,0,0,,0,4100,HOLD_FOR_TRUST_EVIDENCE_GAP
LOW_VELOCITY,ACTIVE_BUT_SHALLOW,INSUFFICIENT_TRUST_EVIDENCE,AGENT_DELEGATION_PRESENT,SKILL_READ_ABSENT,TRUST_EVIDENCE_GAP,UNCLASSIFIED_TRUST_LOOP_INVESTIGATION,3,window_1|window_2|window_3,3,3,0,0,2931,3425,9500,0,0,,9500,0,HOLD_FOR_TRUST_EVIDENCE_GAP
LOW_VELOCITY,ACTIVE_BUT_SHALLOW,INSUFFICIENT_TRUST_EVIDENCE,AGENT_DELEGATION_REPEATED,SKILL_READ_ABSENT,TRUST_EVIDENCE_GAP,UNCLASSIFIED_TRUST_LOOP_INVESTIGATION,3,window_1|window_2|window_3,3,3,0,0,1140,2365,4784,0,0,,4784,0,HOLD_FOR_TRUST_EVIDENCE_GAP
LOW_VELOCITY,ACTIVE_BUT_SHALLOW,TRUST_SIGNAL_AVAILABLE_BUT_HELD,AGENT_DELEGATION_ABSENT,SKILL_READ_ABSENT,TRUST_EVIDENCE_GAP,UNCLASSIFIED_TRUST_LOOP_INVESTIGATION,3,window_1|window_2|window_3,3,3,0,0,414,490,1348,2134,0,0.0,0,0,HOLD_FOR_TRUST_EVIDENCE_GAP
LOW_VELOCITY,ACTIVE_BUT_SHALLOW,TRUST_SIGNAL_AVAILABLE_BUT_HELD,AGENT_DELEGATION_PRESENT,SKILL_READ_ABSENT,TRUST_EVIDENCE_GAP,UNCLASSIFIED_TRUST_LOOP_INVESTIGATION,3,window_1|window_2|window_3,3,3,0,0,16,32,66,90,0,0.0,66,0,HOLD_FOR_TRUST_EVIDENCE_GAP
LOW_VELOCITY,ACTIVE_BUT_SHALLOW,TRUST_SIGNAL_AVAILABLE_BUT_HELD,AGENT_DELEGATION_REPEATED,SKILL_READ_ABSENT,TRUST_EVIDENCE_GAP,UNCLASSIFIED_TRUST_LOOP_INVESTIGATION,3,window_1|window_2|window_3,3,3,0,0,9,27,53,81,0,0.0,53,0,HOLD_FOR_TRUST_EVIDENCE_GAP
LOW_VELOCITY,ACTIVE_BUT_SHALLOW,TRUST_SIGNAL_WITH_ALIASING,AGENT_DELEGATION_ABSENT,SKILL_READ_ABSENT,TRUST_EVIDENCE_GAP,UNCLASSIFIED_TRUST_LOOP_INVESTIGATION,3,window_1|window_2|window_3,3,3,0,0,1665,2746,6613,12022,0,0.0,0,0,HOLD_FOR_TRUST_EVIDENCE_GAP
LOW_VELOCITY,ACTIVE_BUT_SHALLOW,TRUST_SIGNAL_WITH_ALIASING,AGENT_DELEGATION_PRESENT,SKILL_READ_ABSENT,TRUST_EVIDENCE_GAP,UNCLASSIFIED_TRUST_LOOP_INVESTIGATION,3,window_1|window_2|window_3,3,3,0,0,13,105,160,225,0,0.0,160,0,HOLD_FOR_TRUST_EVIDENCE_GAP
LOW_VELOCITY,ACTIVE_BUT_SHALLOW,TRUST_SIGNAL_WITH_ALIASING,AGENT_DELEGATION_REPEATED,SKILL_READ_ABSENT,TRUST_EVIDENCE_GAP,UNCLASSIFIED_TRUST_LOOP_INVESTIGATION,3,window_1|window_2|window_3,3,3,0,0,9,91,130,198,0,0.0,130,0,HOLD_FOR_TRUST_EVIDENCE_GAP
LOW_VELOCITY,FOCUSED_INTEGRATION,INSUFFICIENT_TRUST_EVIDENCE,AGENT_DELEGATION_ABSENT,SKILL_READ_ABSENT,TRUST_EVIDENCE_GAP,UNCLASSIFIED_TRUST_LOOP_INVESTIGATION,3,window_1|window_2|window_3,3,3,0,0,398347,469597,1327687,0,0,,0,0,HOLD_FOR_TRUST_EVIDENCE_GAP
LOW_VELOCITY,FOCUSED_INTEGRATION,INSUFFICIENT_TRUST_EVIDENCE,AGENT_DELEGATION_ABSENT,SKILL_READ_PRESENT,TRUST_EVIDENCE_GAP,UNCLASSIFIED_TRUST_LOOP_INVESTIGATION,3,window_1|window_2|window_3,3,3,0,0,23,78,146,0,0,,0,146,HOLD_FOR_TRUST_EVIDENCE_GAP
LOW_VELOCITY,FOCUSED_INTEGRATION,INSUFFICIENT_TRUST_EVIDENCE,AGENT_DELEGATION_REPEATED,SKILL_READ_ABSENT,TRUST_EVIDENCE_GAP,UNCLASSIFIED_TRUST_LOOP_INVESTIGATION,3,window_1|window_2|window_3,3,3,0,0,53,893,1831,0,0,,1831,0,HOLD_FOR_TRUST_EVIDENCE_GAP
LOW_VELOCITY,FOCUSED_INTEGRATION,TRUST_SIGNAL_AVAILABLE_BUT_HELD,AGENT_DELEGATION_ABSENT,SKILL_READ_ABSENT,TRUST_EVIDENCE_GAP,UNCLASSIFIED_TRUST_LOOP_INVESTIGATION,3,window_1|window_2|window_3,3,3,0,0,18,37,86,177,0,0.0,0,0,HOLD_FOR_TRUST_EVIDENCE_GAP
LOW_VELOCITY,INTEGRATED_REPERTOIRE,INSUFFICIENT_TRUST_EVIDENCE,AGENT_DELEGATION_ABSENT,SKILL_READ_ABSENT,TRUST_EVIDENCE_GAP,UNCLASSIFIED_TRUST_LOOP_INVESTIGATION,3,window_1|window_2|window_3,3,3,0,0,11351,23280,52666,0,0,,0,0,HOLD_FOR_TRUST_EVIDENCE_GAP
LOW_VELOCITY,INTEGRATED_REPERTOIRE,INSUFFICIENT_TRUST_EVIDENCE,AGENT_DELEGATION_ABSENT,SKILL_READ_PRESENT,TRUST_EVIDENCE_GAP,UNCLASSIFIED_TRUST_LOOP_INVESTIGATION,3,window_1|window_2|window_3,3,3,0,0,51,753,1018,0,0,,0,1018,HOLD_FOR_TRUST_EVIDENCE_GAP
LOW_VELOCITY,INTEGRATED_REPERTOIRE,INSUFFICIENT_TRUST_EVIDENCE,AGENT_DELEGATION_PRESENT,SKILL_READ_ABSENT,TRUST_EVIDENCE_GAP,UNCLASSIFIED_TRUST_LOOP_INVESTIGATION,3,window_1|window_2|window_3,3,3,0,0,3426,6700,14995,0,0,,14995,0,HOLD_FOR_TRUST_EVIDENCE_GAP
LOW_VELOCITY,INTEGRATED_REPERTOIRE,INSUFFICIENT_TRUST_EVIDENCE,AGENT_DELEGATION_PRESENT,SKILL_READ_PRESENT,TRUST_EVIDENCE_GAP,UNCLASSIFIED_TRUST_LOOP_INVESTIGATION,3,window_1|window_2|window_3,3,3,0,0,10,198,274,0,0,,274,274,HOLD_FOR_TRUST_EVIDENCE_GAP
LOW_VELOCITY,INTEGRATED_REPERTOIRE,INSUFFICIENT_TRUST_EVIDENCE,AGENT_DELEGATION_REPEATED,SKILL_READ_ABSENT,TRUST_EVIDENCE_GAP,UNCLASSIFIED_TRUST_LOOP_INVESTIGATION,3,window_1|window_2|window_3,3,3,0,0,3037,6353,14000,0,0,,14000,0,HOLD_FOR_TRUST_EVIDENCE_GAP
LOW_VELOCITY,INTEGRATED_REPERTOIRE,TRUST_SIGNAL_AVAILABLE_BUT_HELD,AGENT_DELEGATION_ABSENT,SKILL_READ_ABSENT,TRUST_EVIDENCE_GAP,UNCLASSIFIED_TRUST_LOOP_INVESTIGATION,3,window_1|window_2|window_3,3,3,0,0,48,130,240,351,0,0.0,0,0,HOLD_FOR_TRUST_EVIDENCE_GAP
LOW_VELOCITY,INTEGRATED_REPERTOIRE,TRUST_SIGNAL_AVAILABLE_BUT_HELD,AGENT_DELEGATION_PRESENT,SKILL_READ_ABSENT,TRUST_EVIDENCE_GAP,UNCLASSIFIED_TRUST_LOOP_INVESTIGATION,3,window_1|window_2|window_3,3,3,0,0,22,39,95,158,0,0.0,95,0,HOLD_FOR_TRUST_EVIDENCE_GAP
LOW_VELOCITY,INTEGRATED_REPERTOIRE,TRUST_SIGNAL_AVAILABLE_BUT_HELD,AGENT_DELEGATION_REPEATED,SKILL_READ_ABSENT,TRUST_EVIDENCE_GAP,UNCLASSIFIED_TRUST_LOOP_INVESTIGATION,3,window_1|window_2|window_3,3,3,0,0,28,50,112,181,0,0.0,112,0,HOLD_FOR_TRUST_EVIDENCE_GAP
LOW_VELOCITY,INTEGRATED_REPERTOIRE,TRUST_SIGNAL_WITH_ALIASING,AGENT_DELEGATION_ABSENT,SKILL_READ_ABSENT,TRUST_EVIDENCE_GAP,UNCLASSIFIED_TRUST_LOOP_INVESTIGATION,3,window_1|window_2|window_3,3,3,0,0,315,1135,1812,2898,0,0.0,0,0,HOLD_FOR_TRUST_EVIDENCE_GAP
LOW_VELOCITY,INTEGRATED_REPERTOIRE,TRUST_SIGNAL_WITH_ALIASING,AGENT_DELEGATION_PRESENT,SKILL_READ_ABSENT,TRUST_EVIDENCE_GAP,UNCLASSIFIED_TRUST_LOOP_INVESTIGATION,3,window_1|window_2|window_3,3,3,0,0,92,388,650,923,0,0.0,650,0,HOLD_FOR_TRUST_EVIDENCE_GAP
LOW_VELOCITY,INTEGRATED_REPERTOIRE,TRUST_SIGNAL_WITH_ALIASING,AGENT_DELEGATION_REPEATED,SKILL_READ_ABSENT,TRUST_EVIDENCE_GAP,UNCLASSIFIED_TRUST_LOOP_INVESTIGATION,3,window_1|window_2|window_3,3,3,0,0,61,544,727,1058,0,0.0,727,0,HOLD_FOR_TRUST_EVIDENCE_GAP
LOW_VELOCITY,UNSTABLE_OR_INSUFFICIENT,INSUFFICIENT_TRUST_EVIDENCE,AGENT_DELEGATION_ABSENT,SKILL_READ_ABSENT,TRUST_EVIDENCE_GAP,UNCLASSIFIED_TRUST_LOOP_INVESTIGATION,3,window_1|window_2|window_3,3,3,0,0,70078,180020,330988,0,0,,0,0,HOLD_FOR_TRUST_EVIDENCE_GAP
LOW_VELOCITY,UNSTABLE_OR_INSUFFICIENT,INSUFFICIENT_TRUST_EVIDENCE,AGENT_DELEGATION_ABSENT,SKILL_READ_PRESENT,TRUST_EVIDENCE_GAP,UNCLASSIFIED_TRUST_LOOP_INVESTIGATION,3,window_1|window_2|window_3,3,3,0,0,44,188,334,0,0,,0,334,HOLD_FOR_TRUST_EVIDENCE_GAP
LOW_VELOCITY,UNSTABLE_OR_INSUFFICIENT,INSUFFICIENT_TRUST_EVIDENCE,AGENT_DELEGATION_PRESENT,SKILL_READ_ABSENT,TRUST_EVIDENCE_GAP,UNCLASSIFIED_TRUST_LOOP_INVESTIGATION,3,window_1|window_2|window_3,3,3,0,0,8,38,82,0,0,,82,0,HOLD_FOR_TRUST_EVIDENCE_GAP
MEDIUM_VELOCITY,ACTIVE_BUT_SHALLOW,INSUFFICIENT_TRUST_EVIDENCE,AGENT_DELEGATION_ABSENT,SKILL_READ_ABSENT,TRUST_EVIDENCE_GAP,UNCLASSIFIED_TRUST_LOOP_INVESTIGATION,3,window_1|window_2|window_3,3,3,0,0,115279,132202,375727,0,0,,0,0,HOLD_FOR_TRUST_EVIDENCE_GAP
MEDIUM_VELOCITY,ACTIVE_BUT_SHALLOW,INSUFFICIENT_TRUST_EVIDENCE,AGENT_DELEGATION_ABSENT,SKILL_READ_PRESENT,TRUST_EVIDENCE_GAP,UNCLASSIFIED_TRUST_LOOP_INVESTIGATION,3,window_1|window_2|window_3,3,3,0,0,732,8157,12672,0,0,,0,12672,HOLD_FOR_TRUST_EVIDENCE_GAP
MEDIUM_VELOCITY,ACTIVE_BUT_SHALLOW,INSUFFICIENT_TRUST_EVIDENCE,AGENT_DELEGATION_PRESENT,SKILL_READ_ABSENT,TRUST_EVIDENCE_GAP,UNCLASSIFIED_TRUST_LOOP_INVESTIGATION,3,window_1|window_2|window_3,3,3,0,0,512,671,1762,0,0,,1762,0,HOLD_FOR_TRUST_EVIDENCE_GAP
MEDIUM_VELOCITY,ACTIVE_BUT_SHALLOW,INSUFFICIENT_TRUST_EVIDENCE,AGENT_DELEGATION_REPEATED,SKILL_READ_ABSENT,TRUST_EVIDENCE_GAP,UNCLASSIFIED_TRUST_LOOP_INVESTIGATION,3,window_1|window_2|window_3,3,3,0,0,1036,1590,3898,0,0,,3898,0,HOLD_FOR_TRUST_EVIDENCE_GAP
MEDIUM_VELOCITY,ACTIVE_BUT_SHALLOW,TRUST_SIGNAL_AVAILABLE_BUT_HELD,AGENT_DELEGATION_ABSENT,SKILL_READ_ABSENT,TRUST_EVIDENCE_GAP,UNCLASSIFIED_TRUST_LOOP_INVESTIGATION,3,window_1|window_2|window_3,3,3,0,0,1118,1521,4151,9436,0,0.0,0,0,HOLD_FOR_TRUST_EVIDENCE_GAP
MEDIUM_VELOCITY,ACTIVE_BUT_SHALLOW,TRUST_SIGNAL_AVAILABLE_BUT_HELD,AGENT_DELEGATION_ABSENT,SKILL_READ_PRESENT,TRUST_EVIDENCE_GAP,UNCLASSIFIED_TRUST_LOOP_INVESTIGATION,3,window_1|window_2|window_3,3,3,0,0,15,82,133,250,0,0.0,0,133,HOLD_FOR_TRUST_EVIDENCE_GAP
MEDIUM_VELOCITY,ACTIVE_BUT_SHALLOW,TRUST_SIGNAL_AVAILABLE_BUT_HELD,AGENT_DELEGATION_PRESENT,SKILL_READ_ABSENT,TRUST_EVIDENCE_GAP,UNCLASSIFIED_TRUST_LOOP_INVESTIGATION,3,window_1|window_2|window_3,3,3,0,0,14,16,45,94,0,0.0,45,0,HOLD_FOR_TRUST_EVIDENCE_GAP
MEDIUM_VELOCITY,ACTIVE_BUT_SHALLOW,TRUST_SIGNAL_AVAILABLE_BUT_HELD,AGENT_DELEGATION_REPEATED,SKILL_READ_ABSENT,TRUST_EVIDENCE_GAP,UNCLASSIFIED_TRUST_LOOP_INVESTIGATION,3,window_1|window_2|window_3,3,3,0,0,23,45,96,463,0,0.0,96,0,HOLD_FOR_TRUST_EVIDENCE_GAP
MEDIUM_VELOCITY,ACTIVE_BUT_SHALLOW,TRUST_SIGNAL_WITH_ALIASING,AGENT_DELEGATION_ABSENT,SKILL_READ_ABSENT,TRUST_EVIDENCE_GAP,UNCLASSIFIED_TRUST_LOOP_INVESTIGATION,3,window_1|window_2|window_3,3,3,0,0,4365,7551,19244,64955,0,0.0,0,0,HOLD_FOR_TRUST_EVIDENCE_GAP
MEDIUM_VELOCITY,ACTIVE_BUT_SHALLOW,TRUST_SIGNAL_WITH_ALIASING,AGENT_DELEGATION_ABSENT,SKILL_READ_PRESENT,TRUST_EVIDENCE_GAP,UNCLASSIFIED_TRUST_LOOP_INVESTIGATION,3,window_1|window_2|window_3,3,3,0,0,7,1883,1913,5529,0,0.0,0,1913,HOLD_FOR_TRUST_EVIDENCE_GAP
MEDIUM_VELOCITY,ACTIVE_BUT_SHALLOW,TRUST_SIGNAL_WITH_ALIASING,AGENT_DELEGATION_PRESENT,SKILL_READ_ABSENT,TRUST_EVIDENCE_GAP,UNCLASSIFIED_TRUST_LOOP_INVESTIGATION,3,window_1|window_2|window_3,3,3,0,0,12,48,88,290,0,0.0,88,0,HOLD_FOR_TRUST_EVIDENCE_GAP
MEDIUM_VELOCITY,ACTIVE_BUT_SHALLOW,TRUST_SIGNAL_WITH_ALIASING,AGENT_DELEGATION_REPEATED,SKILL_READ_ABSENT,TRUST_EVIDENCE_GAP,UNCLASSIFIED_TRUST_LOOP_INVESTIGATION,3,window_1|window_2|window_3,3,3,0,0,29,115,216,1215,0,0.0,216,0,HOLD_FOR_TRUST_EVIDENCE_GAP
MEDIUM_VELOCITY,FOCUSED_INTEGRATION,INSUFFICIENT_TRUST_EVIDENCE,AGENT_DELEGATION_ABSENT,SKILL_READ_ABSENT,TRUST_EVIDENCE_GAP,UNCLASSIFIED_TRUST_LOOP_INVESTIGATION,3,window_1|window_2|window_3,3,3,0,0,350531,399834,1140007,0,0,,0,0,HOLD_FOR_TRUST_EVIDENCE_GAP
MEDIUM_VELOCITY,FOCUSED_INTEGRATION,INSUFFICIENT_TRUST_EVIDENCE,AGENT_DELEGATION_ABSENT,SKILL_READ_PRESENT,TRUST_EVIDENCE_GAP,UNCLASSIFIED_TRUST_LOOP_INVESTIGATION,3,window_1|window_2|window_3,3,3,0,0,65,172,378,0,0,,0,378,HOLD_FOR_TRUST_EVIDENCE_GAP
MEDIUM_VELOCITY,FOCUSED_INTEGRATION,INSUFFICIENT_TRUST_EVIDENCE,AGENT_DELEGATION_REPEATED,SKILL_READ_ABSENT,TRUST_EVIDENCE_GAP,UNCLASSIFIED_TRUST_LOOP_INVESTIGATION,3,window_1|window_2|window_3,3,3,0,0,11,27,63,0,0,,63,0,HOLD_FOR_TRUST_EVIDENCE_GAP
MEDIUM_VELOCITY,FOCUSED_INTEGRATION,TRUST_SIGNAL_AVAILABLE_BUT_HELD,AGENT_DELEGATION_ABSENT,SKILL_READ_ABSENT,TRUST_EVIDENCE_GAP,UNCLASSIFIED_TRUST_LOOP_INVESTIGATION,3,window_1|window_2|window_3,3,3,0,0,29,70,147,343,0,0.0,0,0,HOLD_FOR_TRUST_EVIDENCE_GAP
MEDIUM_VELOCITY,INTEGRATED_REPERTOIRE,INSUFFICIENT_TRUST_EVIDENCE,AGENT_DELEGATION_ABSENT,SKILL_READ_ABSENT,TRUST_EVIDENCE_GAP,UNCLASSIFIED_TRUST_LOOP_INVESTIGATION,3,window_1|window_2|window_3,3,3,0,0,121165,140127,391116,0,0,,0,0,HOLD_FOR_TRUST_EVIDENCE_GAP
MEDIUM_VELOCITY,INTEGRATED_REPERTOIRE,INSUFFICIENT_TRUST_EVIDENCE,AGENT_DELEGATION_ABSENT,SKILL_READ_PRESENT,TRUST_EVIDENCE_GAP,UNCLASSIFIED_TRUST_LOOP_INVESTIGATION,3,window_1|window_2|window_3,3,3,0,0,2032,13766,22865,0,0,,0,22865,HOLD_FOR_TRUST_EVIDENCE_GAP
MEDIUM_VELOCITY,INTEGRATED_REPERTOIRE,INSUFFICIENT_TRUST_EVIDENCE,AGENT_DELEGATION_PRESENT,SKILL_READ_ABSENT,TRUST_EVIDENCE_GAP,UNCLASSIFIED_TRUST_LOOP_INVESTIGATION,3,window_1|window_2|window_3,3,3,0,0,16274,18443,52527,0,0,,52527,0,HOLD_FOR_TRUST_EVIDENCE_GAP
MEDIUM_VELOCITY,INTEGRATED_REPERTOIRE,INSUFFICIENT_TRUST_EVIDENCE,AGENT_DELEGATION_PRESENT,SKILL_READ_PRESENT,TRUST_EVIDENCE_GAP,UNCLASSIFIED_TRUST_LOOP_INVESTIGATION,3,window_1|window_2|window_3,3,3,0,0,317,2302,3675,0,0,,3675,3675,HOLD_FOR_TRUST_EVIDENCE_GAP
MEDIUM_VELOCITY,INTEGRATED_REPERTOIRE,INSUFFICIENT_TRUST_EVIDENCE,AGENT_DELEGATION_REPEATED,SKILL_READ_ABSENT,TRUST_EVIDENCE_GAP,UNCLASSIFIED_TRUST_LOOP_INVESTIGATION,3,window_1|window_2|window_3,3,3,0,0,31747,36935,102571,0,0,,102571,0,HOLD_FOR_TRUST_EVIDENCE_GAP
MEDIUM_VELOCITY,INTEGRATED_REPERTOIRE,INSUFFICIENT_TRUST_EVIDENCE,AGENT_DELEGATION_REPEATED,SKILL_READ_PRESENT,TRUST_EVIDENCE_GAP,UNCLASSIFIED_TRUST_LOOP_INVESTIGATION,3,window_1|window_2|window_3,3,3,0,0,501,2974,4977,0,0,,4977,4977,HOLD_FOR_TRUST_EVIDENCE_GAP
MEDIUM_VELOCITY,INTEGRATED_REPERTOIRE,TRUST_SIGNAL_AVAILABLE_BUT_HELD,AGENT_DELEGATION_ABSENT,SKILL_READ_ABSENT,TRUST_EVIDENCE_GAP,UNCLASSIFIED_TRUST_LOOP_INVESTIGATION,3,window_1|window_2|window_3,3,3,0,0,1988,2521,6767,14603,0,0.0,0,0,HOLD_FOR_TRUST_EVIDENCE_GAP
MEDIUM_VELOCITY,INTEGRATED_REPERTOIRE,TRUST_SIGNAL_AVAILABLE_BUT_HELD,AGENT_DELEGATION_ABSENT,SKILL_READ_PRESENT,TRUST_EVIDENCE_GAP,UNCLASSIFIED_TRUST_LOOP_INVESTIGATION,3,window_1|window_2|window_3,3,3,0,0,44,298,501,1012,0,0.0,0,501,HOLD_FOR_TRUST_EVIDENCE_GAP
MEDIUM_VELOCITY,INTEGRATED_REPERTOIRE,TRUST_SIGNAL_AVAILABLE_BUT_HELD,AGENT_DELEGATION_PRESENT,SKILL_READ_ABSENT,TRUST_EVIDENCE_GAP,UNCLASSIFIED_TRUST_LOOP_INVESTIGATION,3,window_1|window_2|window_3,3,3,0,0,319,470,1123,2192,0,0.0,1123,0,HOLD_FOR_TRUST_EVIDENCE_GAP
MEDIUM_VELOCITY,INTEGRATED_REPERTOIRE,TRUST_SIGNAL_AVAILABLE_BUT_HELD,AGENT_DELEGATION_PRESENT,SKILL_READ_PRESENT,TRUST_EVIDENCE_GAP,UNCLASSIFIED_TRUST_LOOP_INVESTIGATION,3,window_1|window_2|window_3,3,3,0,0,7,66,99,165,0,0.0,99,99,HOLD_FOR_TRUST_EVIDENCE_GAP
MEDIUM_VELOCITY,INTEGRATED_REPERTOIRE,TRUST_SIGNAL_AVAILABLE_BUT_HELD,AGENT_DELEGATION_REPEATED,SKILL_READ_ABSENT,TRUST_EVIDENCE_GAP,UNCLASSIFIED_TRUST_LOOP_INVESTIGATION,3,window_1|window_2|window_3,3,3,0,0,529,894,1963,4058,0,0.0,1963,0,HOLD_FOR_TRUST_EVIDENCE_GAP
MEDIUM_VELOCITY,INTEGRATED_REPERTOIRE,TRUST_SIGNAL_AVAILABLE_BUT_HELD,AGENT_DELEGATION_REPEATED,SKILL_READ_PRESENT,TRUST_EVIDENCE_GAP,UNCLASSIFIED_TRUST_LOOP_INVESTIGATION,3,window_1|window_2|window_3,3,3,0,0,21,90,150,224,0,0.0,150,150,HOLD_FOR_TRUST_EVIDENCE_GAP
MEDIUM_VELOCITY,INTEGRATED_REPERTOIRE,TRUST_SIGNAL_WITH_ALIASING,AGENT_DELEGATION_ABSENT,SKILL_READ_ABSENT,TRUST_EVIDENCE_GAP,UNCLASSIFIED_TRUST_LOOP_INVESTIGATION,3,window_1|window_2|window_3,3,3,0,0,4264,19582,30102,76881,0,0.0,0,0,HOLD_FOR_TRUST_EVIDENCE_GAP
MEDIUM_VELOCITY,INTEGRATED_REPERTOIRE,TRUST_SIGNAL_WITH_ALIASING,AGENT_DELEGATION_ABSENT,SKILL_READ_PRESENT,TRUST_EVIDENCE_GAP,UNCLASSIFIED_TRUST_LOOP_INVESTIGATION,3,window_1|window_2|window_3,3,3,0,0,76,3976,4266,12492,0,0.0,0,4266,HOLD_FOR_TRUST_EVIDENCE_GAP
MEDIUM_VELOCITY,INTEGRATED_REPERTOIRE,TRUST_SIGNAL_WITH_ALIASING,AGENT_DELEGATION_PRESENT,SKILL_READ_ABSENT,TRUST_EVIDENCE_GAP,UNCLASSIFIED_TRUST_LOOP_INVESTIGATION,3,window_1|window_2|window_3,3,3,0,0,1179,3343,5865,14573,0,0.0,5865,0,HOLD_FOR_TRUST_EVIDENCE_GAP
MEDIUM_VELOCITY,INTEGRATED_REPERTOIRE,TRUST_SIGNAL_WITH_ALIASING,AGENT_DELEGATION_PRESENT,SKILL_READ_PRESENT,TRUST_EVIDENCE_GAP,UNCLASSIFIED_TRUST_LOOP_INVESTIGATION,3,window_1|window_2|window_3,3,3,0,0,16,819,889,2221,0,0.0,889,889,HOLD_FOR_TRUST_EVIDENCE_GAP
MEDIUM_VELOCITY,INTEGRATED_REPERTOIRE,TRUST_SIGNAL_WITH_ALIASING,AGENT_DELEGATION_REPEATED,SKILL_READ_ABSENT,TRUST_EVIDENCE_GAP,UNCLASSIFIED_TRUST_LOOP_INVESTIGATION,3,window_1|window_2|window_3,3,3,0,0,2494,8857,14540,33362,0,0.0,14540,0,HOLD_FOR_TRUST_EVIDENCE_GAP
MEDIUM_VELOCITY,INTEGRATED_REPERTOIRE,TRUST_SIGNAL_WITH_ALIASING,AGENT_DELEGATION_REPEATED,SKILL_READ_PRESENT,TRUST_EVIDENCE_GAP,UNCLASSIFIED_TRUST_LOOP_INVESTIGATION,3,window_1|window_2|window_3,3,3,0,0,30,1388,1623,3850,0,0.0,1623,1623,HOLD_FOR_TRUST_EVIDENCE_GAP
LOW_VELOCITY,ACTIVE_BUT_SHALLOW,ATTRIBUTABLE_TRUST_SIGNAL,AGENT_DELEGATION_ABSENT,SKILL_READ_PRESENT,SHALLOW_ADOPTION,UNCLASSIFIED_FRICTION_INVESTIGATION,2,window_1|window_2,2,2,0,0,19,97,116,212,200,0.966292,0,116,CONTINUE_AS_SHALLOW_ADOPTION_REVIEW
HIGH_VELOCITY,ACTIVE_BUT_SHALLOW,TRUST_SIGNAL_AVAILABLE_BUT_HELD,AGENT_DELEGATION_REPEATED,SKILL_READ_PRESENT,SUPPRESSED,NO_VALUE_HYPOTHESIS,2,window_1|window_3,2,0,2,2,,,0,0,0,,0,0,HOLD_SMALL_CELL_SUPPRESSED
HIGH_VELOCITY,ACTIVE_BUT_SHALLOW,TRUST_SIGNAL_WITH_ALIASING,AGENT_DELEGATION_PRESENT,SKILL_READ_ABSENT,SUPPRESSED,NO_VALUE_HYPOTHESIS,2,window_2|window_3,2,0,2,2,,,0,0,0,,0,0,HOLD_SMALL_CELL_SUPPRESSED
HIGH_VELOCITY,FOCUSED_INTEGRATION,INSUFFICIENT_TRUST_EVIDENCE,AGENT_DELEGATION_REPEATED,SKILL_READ_ABSENT,SUPPRESSED,NO_VALUE_HYPOTHESIS,2,window_2|window_3,2,0,2,2,,,0,0,0,,0,0,HOLD_SMALL_CELL_SUPPRESSED
LOW_VELOCITY,ACTIVE_BUT_SHALLOW,TRUST_SIGNAL_WITH_ALIASING,AGENT_DELEGATION_ABSENT,SKILL_READ_PRESENT,SUPPRESSED,NO_VALUE_HYPOTHESIS,2,window_2|window_3,2,0,2,2,,,0,0,0,,0,0,HOLD_SMALL_CELL_SUPPRESSED
LOW_VELOCITY,UNSTABLE_OR_INSUFFICIENT,TRUST_SIGNAL_AVAILABLE_BUT_HELD,AGENT_DELEGATION_ABSENT,SKILL_READ_ABSENT,SUPPRESSED,NO_VALUE_HYPOTHESIS,2,window_1|window_3,2,0,2,2,,,0,0,0,,0,0,HOLD_SMALL_CELL_SUPPRESSED
LOW_VELOCITY,UNSTABLE_OR_INSUFFICIENT,TRUST_SIGNAL_WITH_ALIASING,AGENT_DELEGATION_ABSENT,SKILL_READ_ABSENT,SUPPRESSED,NO_VALUE_HYPOTHESIS,2,window_2|window_3,2,0,2,2,,,0,0,0,,0,0,HOLD_SMALL_CELL_SUPPRESSED
MEDIUM_VELOCITY,ACTIVE_BUT_SHALLOW,ATTRIBUTABLE_TRUST_SIGNAL,AGENT_DELEGATION_PRESENT,SKILL_READ_ABSENT,SUPPRESSED,NO_VALUE_HYPOTHESIS,2,window_1|window_2,2,0,2,2,,,0,0,0,,0,0,HOLD_SMALL_CELL_SUPPRESSED
MEDIUM_VELOCITY,FOCUSED_INTEGRATION,TRUST_SIGNAL_WITH_ALIASING,AGENT_DELEGATION_REPEATED,SKILL_READ_ABSENT,SUPPRESSED,NO_VALUE_HYPOTHESIS,2,window_2|window_3,2,0,2,2,,,0,0,0,,0,0,HOLD_SMALL_CELL_SUPPRESSED
HIGH_VELOCITY,ACTIVE_BUT_SHALLOW,INSUFFICIENT_TRUST_EVIDENCE,AGENT_DELEGATION_REPEATED,SKILL_READ_PRESENT,TRUST_EVIDENCE_GAP,UNCLASSIFIED_TRUST_LOOP_INVESTIGATION,2,window_1|window_2,2,2,0,0,9,28,37,0,0,,37,37,HOLD_FOR_TRUST_EVIDENCE_GAP
HIGH_VELOCITY,ACTIVE_BUT_SHALLOW,TRUST_SIGNAL_AVAILABLE_BUT_HELD,AGENT_DELEGATION_REPEATED,SKILL_READ_ABSENT,TRUST_EVIDENCE_GAP,UNCLASSIFIED_TRUST_LOOP_INVESTIGATION,2,window_2|window_3,2,2,0,0,6,9,15,55,0,0.0,15,0,HOLD_FOR_TRUST_EVIDENCE_GAP
LOW_VELOCITY,ACTIVE_BUT_SHALLOW,INSUFFICIENT_TRUST_EVIDENCE,AGENT_DELEGATION_PRESENT,SKILL_READ_PRESENT,TRUST_EVIDENCE_GAP,UNCLASSIFIED_TRUST_LOOP_INVESTIGATION,2,window_1|window_2,2,2,0,0,8,32,40,0,0,,40,40,HOLD_FOR_TRUST_EVIDENCE_GAP
LOW_VELOCITY,ACTIVE_BUT_SHALLOW,INSUFFICIENT_TRUST_EVIDENCE,AGENT_DELEGATION_REPEATED,SKILL_READ_PRESENT,TRUST_EVIDENCE_GAP,UNCLASSIFIED_TRUST_LOOP_INVESTIGATION,2,window_1|window_2,2,2,0,0,8,41,49,0,0,,49,49,HOLD_FOR_TRUST_EVIDENCE_GAP
LOW_VELOCITY,INTEGRATED_REPERTOIRE,INSUFFICIENT_TRUST_EVIDENCE,AGENT_DELEGATION_REPEATED,SKILL_READ_PRESENT,TRUST_EVIDENCE_GAP,UNCLASSIFIED_TRUST_LOOP_INVESTIGATION,2,window_1|window_2,2,2,0,0,28,125,153,0,0,,153,153,HOLD_FOR_TRUST_EVIDENCE_GAP
LOW_VELOCITY,INTEGRATED_REPERTOIRE,TRUST_SIGNAL_WITH_ALIASING,AGENT_DELEGATION_ABSENT,SKILL_READ_PRESENT,TRUST_EVIDENCE_GAP,UNCLASSIFIED_TRUST_LOOP_INVESTIGATION,2,window_1|window_2,2,2,0,0,6,36,42,76,0,0.0,0,42,HOLD_FOR_TRUST_EVIDENCE_GAP
LOW_VELOCITY,INTEGRATED_REPERTOIRE,TRUST_SIGNAL_WITH_ALIASING,AGENT_DELEGATION_PRESENT,SKILL_READ_PRESENT,TRUST_EVIDENCE_GAP,UNCLASSIFIED_TRUST_LOOP_INVESTIGATION,2,window_1|window_2,2,2,0,0,5,22,27,32,0,0.0,27,27,HOLD_FOR_TRUST_EVIDENCE_GAP
MEDIUM_VELOCITY,ACTIVE_BUT_SHALLOW,INSUFFICIENT_TRUST_EVIDENCE,AGENT_DELEGATION_PRESENT,SKILL_READ_PRESENT,TRUST_EVIDENCE_GAP,UNCLASSIFIED_TRUST_LOOP_INVESTIGATION,2,window_1|window_2,2,2,0,0,6,49,55,0,0,,55,55,HOLD_FOR_TRUST_EVIDENCE_GAP
MEDIUM_VELOCITY,ACTIVE_BUT_SHALLOW,INSUFFICIENT_TRUST_EVIDENCE,AGENT_DELEGATION_REPEATED,SKILL_READ_PRESENT,TRUST_EVIDENCE_GAP,UNCLASSIFIED_TRUST_LOOP_INVESTIGATION,2,window_1|window_2,2,2,0,0,26,130,156,0,0,,156,156,HOLD_FOR_TRUST_EVIDENCE_GAP
LOW_VELOCITY,INTEGRATED_REPERTOIRE,ATTRIBUTABLE_TRUST_SIGNAL,AGENT_DELEGATION_ABSENT,SKILL_READ_PRESENT,FOCUSED_EXPERT_USE,NET_NEW_OR_QUALITY_PREMIUM_CANDIDATE_REQUIRES_BUSINESS_CONTEXT,1,window_1,1,1,0,0,27,27,27,40,35,0.875,0,27,PROMOTE_FOR_FOCUSED_USE_REVIEW
LOW_VELOCITY,INTEGRATED_REPERTOIRE,ATTRIBUTABLE_TRUST_SIGNAL,AGENT_DELEGATION_PRESENT,SKILL_READ_PRESENT,FOCUSED_EXPERT_USE,NET_NEW_OR_QUALITY_PREMIUM_CANDIDATE_REQUIRES_BUSINESS_CONTEXT,1,window_1,1,1,0,0,14,14,14,36,32,0.888889,14,14,PROMOTE_FOR_FOCUSED_USE_REVIEW
LOW_VELOCITY,INTEGRATED_REPERTOIRE,ATTRIBUTABLE_TRUST_SIGNAL,AGENT_DELEGATION_REPEATED,SKILL_READ_PRESENT,FOCUSED_EXPERT_USE,NET_NEW_OR_QUALITY_PREMIUM_CANDIDATE_REQUIRES_BUSINESS_CONTEXT,1,window_1,1,1,0,0,5,5,5,10,7,0.7,5,5,PROMOTE_FOR_FOCUSED_USE_REVIEW
LOW_VELOCITY,ACTIVE_BUT_SHALLOW,ATTRIBUTABLE_TRUST_SIGNAL,AGENT_DELEGATION_REPEATED,SKILL_READ_ABSENT,SHALLOW_ADOPTION,UNCLASSIFIED_FRICTION_INVESTIGATION,1,window_1,1,1,0,0,11,11,11,19,17,0.894737,11,0,CONTINUE_AS_SHALLOW_ADOPTION_REVIEW
HIGH_VELOCITY,ACTIVE_BUT_SHALLOW,ATTRIBUTABLE_TRUST_SIGNAL,AGENT_DELEGATION_REPEATED,SKILL_READ_ABSENT,SUPPRESSED,NO_VALUE_HYPOTHESIS,1,window_2,1,0,1,1,,,0,0,0,,0,0,HOLD_SMALL_CELL_SUPPRESSED
HIGH_VELOCITY,ACTIVE_BUT_SHALLOW,INSUFFICIENT_TRUST_EVIDENCE,AGENT_DELEGATION_PRESENT,SKILL_READ_PRESENT,SUPPRESSED,NO_VALUE_HYPOTHESIS,1,window_2,1,0,1,1,,,0,0,0,,0,0,HOLD_SMALL_CELL_SUPPRESSED
HIGH_VELOCITY,ACTIVE_BUT_SHALLOW,INSUFFICIENT_TRUST_EVIDENCE,AGENT_DELEGATION_REPEATED,SKILL_READ_PRESENT,SUPPRESSED,NO_VALUE_HYPOTHESIS,1,window_3,1,0,1,1,,,0,0,0,,0,0,HOLD_SMALL_CELL_SUPPRESSED
HIGH_VELOCITY,ACTIVE_BUT_SHALLOW,TRUST_SIGNAL_AVAILABLE_BUT_HELD,AGENT_DELEGATION_REPEATED,SKILL_READ_ABSENT,SUPPRESSED,NO_VALUE_HYPOTHESIS,1,window_1,1,0,1,1,,,0,0,0,,0,0,HOLD_SMALL_CELL_SUPPRESSED
HIGH_VELOCITY,ACTIVE_BUT_SHALLOW,TRUST_SIGNAL_WITH_ALIASING,AGENT_DELEGATION_PRESENT,SKILL_READ_PRESENT,SUPPRESSED,NO_VALUE_HYPOTHESIS,1,window_1,1,0,1,1,,,0,0,0,,0,0,HOLD_SMALL_CELL_SUPPRESSED
LOW_VELOCITY,ACTIVE_BUT_SHALLOW,ATTRIBUTABLE_TRUST_SIGNAL,AGENT_DELEGATION_ABSENT,SKILL_READ_PRESENT,SUPPRESSED,NO_VALUE_HYPOTHESIS,1,window_3,1,0,1,1,,,0,0,0,,0,0,HOLD_SMALL_CELL_SUPPRESSED
LOW_VELOCITY,ACTIVE_BUT_SHALLOW,ATTRIBUTABLE_TRUST_SIGNAL,AGENT_DELEGATION_REPEATED,SKILL_READ_ABSENT,SUPPRESSED,NO_VALUE_HYPOTHESIS,1,window_2,1,0,1,1,,,0,0,0,,0,0,HOLD_SMALL_CELL_SUPPRESSED
LOW_VELOCITY,ACTIVE_BUT_SHALLOW,INSUFFICIENT_TRUST_EVIDENCE,AGENT_DELEGATION_PRESENT,SKILL_READ_PRESENT,SUPPRESSED,NO_VALUE_HYPOTHESIS,1,window_3,1,0,1,1,,,0,0,0,,0,0,HOLD_SMALL_CELL_SUPPRESSED
LOW_VELOCITY,ACTIVE_BUT_SHALLOW,TRUST_SIGNAL_AVAILABLE_BUT_HELD,AGENT_DELEGATION_ABSENT,SKILL_READ_PRESENT,SUPPRESSED,NO_VALUE_HYPOTHESIS,1,window_2,1,0,1,1,,,0,0,0,,0,0,HOLD_SMALL_CELL_SUPPRESSED
LOW_VELOCITY,ACTIVE_BUT_SHALLOW,TRUST_SIGNAL_AVAILABLE_BUT_HELD,AGENT_DELEGATION_PRESENT,SKILL_READ_PRESENT,SUPPRESSED,NO_VALUE_HYPOTHESIS,1,window_1,1,0,1,1,,,0,0,0,,0,0,HOLD_SMALL_CELL_SUPPRESSED
LOW_VELOCITY,ACTIVE_BUT_SHALLOW,TRUST_SIGNAL_WITH_ALIASING,AGENT_DELEGATION_PRESENT,SKILL_READ_PRESENT,SUPPRESSED,NO_VALUE_HYPOTHESIS,1,window_1,1,0,1,1,,,0,0,0,,0,0,HOLD_SMALL_CELL_SUPPRESSED
LOW_VELOCITY,ACTIVE_BUT_SHALLOW,TRUST_SIGNAL_WITH_ALIASING,AGENT_DELEGATION_REPEATED,SKILL_READ_PRESENT,SUPPRESSED,NO_VALUE_HYPOTHESIS,1,window_1,1,0,1,1,,,0,0,0,,0,0,HOLD_SMALL_CELL_SUPPRESSED
LOW_VELOCITY,FOCUSED_INTEGRATION,INSUFFICIENT_TRUST_EVIDENCE,AGENT_DELEGATION_REPEATED,SKILL_READ_PRESENT,SUPPRESSED,NO_VALUE_HYPOTHESIS,1,window_1,1,0,1,1,,,0,0,0,,0,0,HOLD_SMALL_CELL_SUPPRESSED
LOW_VELOCITY,FOCUSED_INTEGRATION,TRUST_SIGNAL_WITH_ALIASING,AGENT_DELEGATION_REPEATED,SKILL_READ_ABSENT,SUPPRESSED,NO_VALUE_HYPOTHESIS,1,window_1,1,0,1,1,,,0,0,0,,0,0,HOLD_SMALL_CELL_SUPPRESSED
LOW_VELOCITY,INTEGRATED_REPERTOIRE,ATTRIBUTABLE_TRUST_SIGNAL,AGENT_DELEGATION_ABSENT,SKILL_READ_PRESENT,SUPPRESSED,NO_VALUE_HYPOTHESIS,1,window_2,1,0,1,1,,,0,0,0,,0,0,HOLD_SMALL_CELL_SUPPRESSED
LOW_VELOCITY,INTEGRATED_REPERTOIRE,ATTRIBUTABLE_TRUST_SIGNAL,AGENT_DELEGATION_PRESENT,SKILL_READ_PRESENT,SUPPRESSED,NO_VALUE_HYPOTHESIS,1,window_2,1,0,1,1,,,0,0,0,,0,0,HOLD_SMALL_CELL_SUPPRESSED
LOW_VELOCITY,INTEGRATED_REPERTOIRE,ATTRIBUTABLE_TRUST_SIGNAL,AGENT_DELEGATION_REPEATED,SKILL_READ_PRESENT,SUPPRESSED,NO_VALUE_HYPOTHESIS,1,window_2,1,0,1,1,,,0,0,0,,0,0,HOLD_SMALL_CELL_SUPPRESSED
LOW_VELOCITY,INTEGRATED_REPERTOIRE,INSUFFICIENT_TRUST_EVIDENCE,AGENT_DELEGATION_REPEATED,SKILL_READ_PRESENT,SUPPRESSED,NO_VALUE_HYPOTHESIS,1,window_3,1,0,1,1,,,0,0,0,,0,0,HOLD_SMALL_CELL_SUPPRESSED
LOW_VELOCITY,INTEGRATED_REPERTOIRE,TRUST_SIGNAL_AVAILABLE_BUT_HELD,AGENT_DELEGATION_ABSENT,SKILL_READ_PRESENT,SUPPRESSED,NO_VALUE_HYPOTHESIS,1,window_1,1,0,1,1,,,0,0,0,,0,0,HOLD_SMALL_CELL_SUPPRESSED
LOW_VELOCITY,INTEGRATED_REPERTOIRE,TRUST_SIGNAL_AVAILABLE_BUT_HELD,AGENT_DELEGATION_PRESENT,SKILL_READ_PRESENT,SUPPRESSED,NO_VALUE_HYPOTHESIS,1,window_1,1,0,1,1,,,0,0,0,,0,0,HOLD_SMALL_CELL_SUPPRESSED
LOW_VELOCITY,INTEGRATED_REPERTOIRE,TRUST_SIGNAL_WITH_ALIASING,AGENT_DELEGATION_ABSENT,SKILL_READ_PRESENT,SUPPRESSED,NO_VALUE_HYPOTHESIS,1,window_3,1,0,1,1,,,0,0,0,,0,0,HOLD_SMALL_CELL_SUPPRESSED
LOW_VELOCITY,INTEGRATED_REPERTOIRE,TRUST_SIGNAL_WITH_ALIASING,AGENT_DELEGATION_REPEATED,SKILL_READ_PRESENT,SUPPRESSED,NO_VALUE_HYPOTHESIS,1,window_2,1,0,1,1,,,0,0,0,,0,0,HOLD_SMALL_CELL_SUPPRESSED
MEDIUM_VELOCITY,ACTIVE_BUT_SHALLOW,INSUFFICIENT_TRUST_EVIDENCE,AGENT_DELEGATION_REPEATED,SKILL_READ_PRESENT,SUPPRESSED,NO_VALUE_HYPOTHESIS,1,window_3,1,0,1,1,,,0,0,0,,0,0,HOLD_SMALL_CELL_SUPPRESSED
MEDIUM_VELOCITY,ACTIVE_BUT_SHALLOW,TRUST_SIGNAL_AVAILABLE_BUT_HELD,AGENT_DELEGATION_PRESENT,SKILL_READ_PRESENT,SUPPRESSED,NO_VALUE_HYPOTHESIS,1,window_1,1,0,1,1,,,0,0,0,,0,0,HOLD_SMALL_CELL_SUPPRESSED
MEDIUM_VELOCITY,ACTIVE_BUT_SHALLOW,TRUST_SIGNAL_AVAILABLE_BUT_HELD,AGENT_DELEGATION_REPEATED,SKILL_READ_PRESENT,SUPPRESSED,NO_VALUE_HYPOTHESIS,1,window_1,1,0,1,1,,,0,0,0,,0,0,HOLD_SMALL_CELL_SUPPRESSED
MEDIUM_VELOCITY,FOCUSED_INTEGRATION,INSUFFICIENT_TRUST_EVIDENCE,AGENT_DELEGATION_REPEATED,SKILL_READ_PRESENT,SUPPRESSED,NO_VALUE_HYPOTHESIS,1,window_1,1,0,1,1,,,0,0,0,,0,0,HOLD_SMALL_CELL_SUPPRESSED
HIGH_VELOCITY,ACTIVE_BUT_SHALLOW,INSUFFICIENT_TRUST_EVIDENCE,AGENT_DELEGATION_PRESENT,SKILL_READ_PRESENT,TRUST_EVIDENCE_GAP,UNCLASSIFIED_TRUST_LOOP_INVESTIGATION,1,window_1,1,1,0,0,9,9,9,0,0,,9,9,HOLD_FOR_TRUST_EVIDENCE_GAP
HIGH_VELOCITY,ACTIVE_BUT_SHALLOW,TRUST_SIGNAL_WITH_ALIASING,AGENT_DELEGATION_PRESENT,SKILL_READ_ABSENT,TRUST_EVIDENCE_GAP,UNCLASSIFIED_TRUST_LOOP_INVESTIGATION,1,window_1,1,1,0,0,9,9,9,33,0,0.0,9,0,HOLD_FOR_TRUST_EVIDENCE_GAP
HIGH_VELOCITY,ACTIVE_BUT_SHALLOW,TRUST_SIGNAL_WITH_ALIASING,AGENT_DELEGATION_REPEATED,SKILL_READ_PRESENT,TRUST_EVIDENCE_GAP,UNCLASSIFIED_TRUST_LOOP_INVESTIGATION,1,window_1,1,1,0,0,10,10,10,109,0,0.0,10,10,HOLD_FOR_TRUST_EVIDENCE_GAP
HIGH_VELOCITY,FOCUSED_INTEGRATION,INSUFFICIENT_TRUST_EVIDENCE,AGENT_DELEGATION_REPEATED,SKILL_READ_ABSENT,TRUST_EVIDENCE_GAP,UNCLASSIFIED_TRUST_LOOP_INVESTIGATION,1,window_1,1,1,0,0,6,6,6,0,0,,6,0,HOLD_FOR_TRUST_EVIDENCE_GAP
LOW_VELOCITY,ACTIVE_BUT_SHALLOW,TRUST_SIGNAL_AVAILABLE_BUT_HELD,AGENT_DELEGATION_ABSENT,SKILL_READ_PRESENT,TRUST_EVIDENCE_GAP,UNCLASSIFIED_TRUST_LOOP_INVESTIGATION,1,window_1,1,1,0,0,15,15,15,22,0,0.0,0,15,HOLD_FOR_TRUST_EVIDENCE_GAP
LOW_VELOCITY,ACTIVE_BUT_SHALLOW,TRUST_SIGNAL_WITH_ALIASING,AGENT_DELEGATION_ABSENT,SKILL_READ_PRESENT,TRUST_EVIDENCE_GAP,UNCLASSIFIED_TRUST_LOOP_INVESTIGATION,1,window_1,1,1,0,0,112,112,112,223,0,0.0,0,112,HOLD_FOR_TRUST_EVIDENCE_GAP
LOW_VELOCITY,INTEGRATED_REPERTOIRE,TRUST_SIGNAL_WITH_ALIASING,AGENT_DELEGATION_REPEATED,SKILL_READ_PRESENT,TRUST_EVIDENCE_GAP,UNCLASSIFIED_TRUST_LOOP_INVESTIGATION,1,window_1,1,1,0,0,22,22,22,32,0,0.0,22,22,HOLD_FOR_TRUST_EVIDENCE_GAP
LOW_VELOCITY,UNSTABLE_OR_INSUFFICIENT,TRUST_SIGNAL_AVAILABLE_BUT_HELD,AGENT_DELEGATION_ABSENT,SKILL_READ_ABSENT,TRUST_EVIDENCE_GAP,UNCLASSIFIED_TRUST_LOOP_INVESTIGATION,1,window_2,1,1,0,0,8,8,8,8,0,0.0,0,0,HOLD_FOR_TRUST_EVIDENCE_GAP
MEDIUM_VELOCITY,ACTIVE_BUT_SHALLOW,TRUST_SIGNAL_WITH_ALIASING,AGENT_DELEGATION_PRESENT,SKILL_READ_PRESENT,TRUST_EVIDENCE_GAP,UNCLASSIFIED_TRUST_LOOP_INVESTIGATION,1,window_1,1,1,0,0,8,8,8,72,0,0.0,8,8,HOLD_FOR_TRUST_EVIDENCE_GAP
MEDIUM_VELOCITY,ACTIVE_BUT_SHALLOW,TRUST_SIGNAL_WITH_ALIASING,AGENT_DELEGATION_REPEATED,SKILL_READ_PRESENT,TRUST_EVIDENCE_GAP,UNCLASSIFIED_TRUST_LOOP_INVESTIGATION,1,window_1,1,1,0,0,22,22,22,98,0,0.0,22,22,HOLD_FOR_TRUST_EVIDENCE_GAP
