window_start,window_end,velocity_band,depth_repertoire_band,trust_classification,agent_delegation_classification,skill_read_presence_classification,cohort_size,signal_count,attributed_signal_count,attributed_signal_share,agent_delegation_user_count,skill_read_user_count,suppression_status,suppression_reason,readiness_decision,readout_zone_test_result,value_hypothesis_test_result
2026-03-23,2026-05-22,HIGH_VELOCITY,ACTIVE_BUT_SHALLOW,ATTRIBUTABLE_TRUST_SIGNAL,AGENT_DELEGATION_ABSENT,SKILL_READ_ABSENT,1807,7813,6092,0.7797260975297581,0,0,SURFACE_ELIGIBLE_RESEARCH_ONLY,,CONTINUE_AS_SHALLOW_ADOPTION_REVIEW,SHALLOW_ADOPTION,UNCLASSIFIED_FRICTION_INVESTIGATION
2026-03-23,2026-05-22,HIGH_VELOCITY,ACTIVE_BUT_SHALLOW,ATTRIBUTABLE_TRUST_SIGNAL,AGENT_DELEGATION_ABSENT,SKILL_READ_PRESENT,1051,4545,2663,0.5859185918591859,0,1051,SURFACE_ELIGIBLE_RESEARCH_ONLY,,CONTINUE_AS_SHALLOW_ADOPTION_REVIEW,SHALLOW_ADOPTION,UNCLASSIFIED_FRICTION_INVESTIGATION
2026-03-23,2026-05-22,HIGH_VELOCITY,ACTIVE_BUT_SHALLOW,INSUFFICIENT_TRUST_EVIDENCE,AGENT_DELEGATION_ABSENT,SKILL_READ_ABSENT,50954,0,0,,0,0,SURFACE_ELIGIBLE_RESEARCH_ONLY,,HOLD_FOR_TRUST_EVIDENCE_GAP,TRUST_EVIDENCE_GAP,UNCLASSIFIED_TRUST_LOOP_INVESTIGATION
2026-03-23,2026-05-22,HIGH_VELOCITY,ACTIVE_BUT_SHALLOW,INSUFFICIENT_TRUST_EVIDENCE,AGENT_DELEGATION_ABSENT,SKILL_READ_PRESENT,4976,0,0,,0,4976,SURFACE_ELIGIBLE_RESEARCH_ONLY,,HOLD_FOR_TRUST_EVIDENCE_GAP,TRUST_EVIDENCE_GAP,UNCLASSIFIED_TRUST_LOOP_INVESTIGATION
2026-03-23,2026-05-22,HIGH_VELOCITY,ACTIVE_BUT_SHALLOW,INSUFFICIENT_TRUST_EVIDENCE,AGENT_DELEGATION_PRESENT,SKILL_READ_ABSENT,372,0,0,,372,0,SURFACE_ELIGIBLE_RESEARCH_ONLY,,HOLD_FOR_TRUST_EVIDENCE_GAP,TRUST_EVIDENCE_GAP,UNCLASSIFIED_TRUST_LOOP_INVESTIGATION
2026-03-23,2026-05-22,HIGH_VELOCITY,ACTIVE_BUT_SHALLOW,INSUFFICIENT_TRUST_EVIDENCE,AGENT_DELEGATION_PRESENT,SKILL_READ_PRESENT,9,0,0,,9,9,SURFACE_ELIGIBLE_RESEARCH_ONLY,,HOLD_FOR_TRUST_EVIDENCE_GAP,TRUST_EVIDENCE_GAP,UNCLASSIFIED_TRUST_LOOP_INVESTIGATION
2026-03-23,2026-05-22,HIGH_VELOCITY,ACTIVE_BUT_SHALLOW,INSUFFICIENT_TRUST_EVIDENCE,AGENT_DELEGATION_REPEATED,SKILL_READ_ABSENT,275,0,0,,275,0,SURFACE_ELIGIBLE_RESEARCH_ONLY,,HOLD_FOR_TRUST_EVIDENCE_GAP,TRUST_EVIDENCE_GAP,UNCLASSIFIED_TRUST_LOOP_INVESTIGATION
2026-03-23,2026-05-22,HIGH_VELOCITY,ACTIVE_BUT_SHALLOW,INSUFFICIENT_TRUST_EVIDENCE,AGENT_DELEGATION_REPEATED,SKILL_READ_PRESENT,28,0,0,,28,28,SURFACE_ELIGIBLE_RESEARCH_ONLY,,HOLD_FOR_TRUST_EVIDENCE_GAP,TRUST_EVIDENCE_GAP,UNCLASSIFIED_TRUST_LOOP_INVESTIGATION
2026-03-23,2026-05-22,HIGH_VELOCITY,ACTIVE_BUT_SHALLOW,TRUST_SIGNAL_AVAILABLE_BUT_HELD,AGENT_DELEGATION_ABSENT,SKILL_READ_ABSENT,1110,9593,0,0.0,0,0,SURFACE_ELIGIBLE_RESEARCH_ONLY,,HOLD_FOR_TRUST_EVIDENCE_GAP,TRUST_EVIDENCE_GAP,UNCLASSIFIED_TRUST_LOOP_INVESTIGATION
2026-03-23,2026-05-22,HIGH_VELOCITY,ACTIVE_BUT_SHALLOW,TRUST_SIGNAL_AVAILABLE_BUT_HELD,AGENT_DELEGATION_ABSENT,SKILL_READ_PRESENT,119,292,0,0.0,0,119,SURFACE_ELIGIBLE_RESEARCH_ONLY,,HOLD_FOR_TRUST_EVIDENCE_GAP,TRUST_EVIDENCE_GAP,UNCLASSIFIED_TRUST_LOOP_INVESTIGATION
2026-03-23,2026-05-22,HIGH_VELOCITY,ACTIVE_BUT_SHALLOW,TRUST_SIGNAL_AVAILABLE_BUT_HELD,AGENT_DELEGATION_PRESENT,SKILL_READ_ABSENT,,,,,,,SUPPRESS,INSUFFICIENT_VOLUME,HOLD_SMALL_CELL_SUPPRESSED,SUPPRESSED,NO_VALUE_HYPOTHESIS
2026-03-23,2026-05-22,HIGH_VELOCITY,ACTIVE_BUT_SHALLOW,TRUST_SIGNAL_AVAILABLE_BUT_HELD,AGENT_DELEGATION_REPEATED,SKILL_READ_ABSENT,,,,,,,SUPPRESS,INSUFFICIENT_VOLUME,HOLD_SMALL_CELL_SUPPRESSED,SUPPRESSED,NO_VALUE_HYPOTHESIS
2026-03-23,2026-05-22,HIGH_VELOCITY,ACTIVE_BUT_SHALLOW,TRUST_SIGNAL_AVAILABLE_BUT_HELD,AGENT_DELEGATION_REPEATED,SKILL_READ_PRESENT,,,,,,,SUPPRESS,INSUFFICIENT_VOLUME,HOLD_SMALL_CELL_SUPPRESSED,SUPPRESSED,NO_VALUE_HYPOTHESIS
2026-03-23,2026-05-22,HIGH_VELOCITY,ACTIVE_BUT_SHALLOW,TRUST_SIGNAL_WITH_ALIASING,AGENT_DELEGATION_ABSENT,SKILL_READ_ABSENT,5201,22012,0,0.0,0,0,SURFACE_ELIGIBLE_RESEARCH_ONLY,,HOLD_FOR_TRUST_EVIDENCE_GAP,TRUST_EVIDENCE_GAP,UNCLASSIFIED_TRUST_LOOP_INVESTIGATION
2026-03-23,2026-05-22,HIGH_VELOCITY,ACTIVE_BUT_SHALLOW,TRUST_SIGNAL_WITH_ALIASING,AGENT_DELEGATION_ABSENT,SKILL_READ_PRESENT,2934,17560,0,0.0,0,2934,SURFACE_ELIGIBLE_RESEARCH_ONLY,,HOLD_FOR_TRUST_EVIDENCE_GAP,TRUST_EVIDENCE_GAP,UNCLASSIFIED_TRUST_LOOP_INVESTIGATION
2026-03-23,2026-05-22,HIGH_VELOCITY,ACTIVE_BUT_SHALLOW,TRUST_SIGNAL_WITH_ALIASING,AGENT_DELEGATION_PRESENT,SKILL_READ_ABSENT,9,33,0,0.0,9,0,SURFACE_ELIGIBLE_RESEARCH_ONLY,,HOLD_FOR_TRUST_EVIDENCE_GAP,TRUST_EVIDENCE_GAP,UNCLASSIFIED_TRUST_LOOP_INVESTIGATION
2026-03-23,2026-05-22,HIGH_VELOCITY,ACTIVE_BUT_SHALLOW,TRUST_SIGNAL_WITH_ALIASING,AGENT_DELEGATION_PRESENT,SKILL_READ_PRESENT,,,,,,,SUPPRESS,INSUFFICIENT_VOLUME,HOLD_SMALL_CELL_SUPPRESSED,SUPPRESSED,NO_VALUE_HYPOTHESIS
2026-03-23,2026-05-22,HIGH_VELOCITY,ACTIVE_BUT_SHALLOW,TRUST_SIGNAL_WITH_ALIASING,AGENT_DELEGATION_REPEATED,SKILL_READ_ABSENT,24,143,0,0.0,24,0,SURFACE_ELIGIBLE_RESEARCH_ONLY,,HOLD_FOR_TRUST_EVIDENCE_GAP,TRUST_EVIDENCE_GAP,UNCLASSIFIED_TRUST_LOOP_INVESTIGATION
2026-03-23,2026-05-22,HIGH_VELOCITY,ACTIVE_BUT_SHALLOW,TRUST_SIGNAL_WITH_ALIASING,AGENT_DELEGATION_REPEATED,SKILL_READ_PRESENT,10,109,0,0.0,10,10,SURFACE_ELIGIBLE_RESEARCH_ONLY,,HOLD_FOR_TRUST_EVIDENCE_GAP,TRUST_EVIDENCE_GAP,UNCLASSIFIED_TRUST_LOOP_INVESTIGATION
2026-03-23,2026-05-22,HIGH_VELOCITY,FOCUSED_INTEGRATION,INSUFFICIENT_TRUST_EVIDENCE,AGENT_DELEGATION_ABSENT,SKILL_READ_ABSENT,104986,0,0,,0,0,SURFACE_ELIGIBLE_RESEARCH_ONLY,,HOLD_FOR_TRUST_EVIDENCE_GAP,TRUST_EVIDENCE_GAP,UNCLASSIFIED_TRUST_LOOP_INVESTIGATION
2026-03-23,2026-05-22,HIGH_VELOCITY,FOCUSED_INTEGRATION,INSUFFICIENT_TRUST_EVIDENCE,AGENT_DELEGATION_ABSENT,SKILL_READ_PRESENT,133,0,0,,0,133,SURFACE_ELIGIBLE_RESEARCH_ONLY,,HOLD_FOR_TRUST_EVIDENCE_GAP,TRUST_EVIDENCE_GAP,UNCLASSIFIED_TRUST_LOOP_INVESTIGATION
2026-03-23,2026-05-22,HIGH_VELOCITY,FOCUSED_INTEGRATION,INSUFFICIENT_TRUST_EVIDENCE,AGENT_DELEGATION_REPEATED,SKILL_READ_ABSENT,6,0,0,,6,0,SURFACE_ELIGIBLE_RESEARCH_ONLY,,HOLD_FOR_TRUST_EVIDENCE_GAP,TRUST_EVIDENCE_GAP,UNCLASSIFIED_TRUST_LOOP_INVESTIGATION
2026-03-23,2026-05-22,HIGH_VELOCITY,FOCUSED_INTEGRATION,TRUST_SIGNAL_AVAILABLE_BUT_HELD,AGENT_DELEGATION_ABSENT,SKILL_READ_ABSENT,75,193,0,0.0,0,0,SURFACE_ELIGIBLE_RESEARCH_ONLY,,HOLD_FOR_TRUST_EVIDENCE_GAP,TRUST_EVIDENCE_GAP,UNCLASSIFIED_TRUST_LOOP_INVESTIGATION
2026-03-23,2026-05-22,HIGH_VELOCITY,INTEGRATED_REPERTOIRE,ATTRIBUTABLE_TRUST_SIGNAL,AGENT_DELEGATION_ABSENT,SKILL_READ_ABSENT,6982,34502,16267,0.471479914207872,0,0,SURFACE_ELIGIBLE_RESEARCH_ONLY,,PROMOTE_FOR_SCALE_CANDIDATE_STABILITY_REVIEW,SCALE_CANDIDATE,ACCELERATION_OR_QUALITY_PREMIUM_CANDIDATE_REQUIRES_OUTCOME_EVIDENCE
2026-03-23,2026-05-22,HIGH_VELOCITY,INTEGRATED_REPERTOIRE,ATTRIBUTABLE_TRUST_SIGNAL,AGENT_DELEGATION_ABSENT,SKILL_READ_PRESENT,7565,48334,17782,0.3678983738155336,0,7565,SURFACE_ELIGIBLE_RESEARCH_ONLY,,PROMOTE_FOR_SCALE_CANDIDATE_STABILITY_REVIEW,SCALE_CANDIDATE,ACCELERATION_OR_QUALITY_PREMIUM_CANDIDATE_REQUIRES_OUTCOME_EVIDENCE
2026-03-23,2026-05-22,HIGH_VELOCITY,INTEGRATED_REPERTOIRE,ATTRIBUTABLE_TRUST_SIGNAL,AGENT_DELEGATION_PRESENT,SKILL_READ_ABSENT,1936,9779,5980,0.6115144697821863,1936,0,SURFACE_ELIGIBLE_RESEARCH_ONLY,,PROMOTE_FOR_SCALE_CANDIDATE_STABILITY_REVIEW,SCALE_CANDIDATE,ACCELERATION_OR_QUALITY_PREMIUM_CANDIDATE_REQUIRES_OUTCOME_EVIDENCE
2026-03-23,2026-05-22,HIGH_VELOCITY,INTEGRATED_REPERTOIRE,ATTRIBUTABLE_TRUST_SIGNAL,AGENT_DELEGATION_PRESENT,SKILL_READ_PRESENT,2141,13001,5244,0.4033535881855242,2141,2141,SURFACE_ELIGIBLE_RESEARCH_ONLY,,PROMOTE_FOR_SCALE_CANDIDATE_STABILITY_REVIEW,SCALE_CANDIDATE,ACCELERATION_OR_QUALITY_PREMIUM_CANDIDATE_REQUIRES_OUTCOME_EVIDENCE
2026-03-23,2026-05-22,HIGH_VELOCITY,INTEGRATED_REPERTOIRE,ATTRIBUTABLE_TRUST_SIGNAL,AGENT_DELEGATION_REPEATED,SKILL_READ_ABSENT,12651,77389,38584,0.49857214849655634,12651,0,SURFACE_ELIGIBLE_RESEARCH_ONLY,,PROMOTE_FOR_SCALE_CANDIDATE_STABILITY_REVIEW,SCALE_CANDIDATE,ACCELERATION_OR_QUALITY_PREMIUM_CANDIDATE_REQUIRES_OUTCOME_EVIDENCE
2026-03-23,2026-05-22,HIGH_VELOCITY,INTEGRATED_REPERTOIRE,ATTRIBUTABLE_TRUST_SIGNAL,AGENT_DELEGATION_REPEATED,SKILL_READ_PRESENT,11452,106475,35214,0.330725522423104,11452,11452,SURFACE_ELIGIBLE_RESEARCH_ONLY,,PROMOTE_FOR_SCALE_CANDIDATE_STABILITY_REVIEW,SCALE_CANDIDATE,ACCELERATION_OR_QUALITY_PREMIUM_CANDIDATE_REQUIRES_OUTCOME_EVIDENCE
2026-03-23,2026-05-22,HIGH_VELOCITY,INTEGRATED_REPERTOIRE,INSUFFICIENT_TRUST_EVIDENCE,AGENT_DELEGATION_ABSENT,SKILL_READ_ABSENT,166954,0,0,,0,0,SURFACE_ELIGIBLE_RESEARCH_ONLY,,HOLD_FOR_TRUST_EVIDENCE_GAP,TRUST_EVIDENCE_GAP,UNCLASSIFIED_TRUST_LOOP_INVESTIGATION
2026-03-23,2026-05-22,HIGH_VELOCITY,INTEGRATED_REPERTOIRE,INSUFFICIENT_TRUST_EVIDENCE,AGENT_DELEGATION_ABSENT,SKILL_READ_PRESENT,47990,0,0,,0,47990,SURFACE_ELIGIBLE_RESEARCH_ONLY,,HOLD_FOR_TRUST_EVIDENCE_GAP,TRUST_EVIDENCE_GAP,UNCLASSIFIED_TRUST_LOOP_INVESTIGATION
2026-03-23,2026-05-22,HIGH_VELOCITY,INTEGRATED_REPERTOIRE,INSUFFICIENT_TRUST_EVIDENCE,AGENT_DELEGATION_PRESENT,SKILL_READ_ABSENT,15753,0,0,,15753,0,SURFACE_ELIGIBLE_RESEARCH_ONLY,,HOLD_FOR_TRUST_EVIDENCE_GAP,TRUST_EVIDENCE_GAP,UNCLASSIFIED_TRUST_LOOP_INVESTIGATION
2026-03-23,2026-05-22,HIGH_VELOCITY,INTEGRATED_REPERTOIRE,INSUFFICIENT_TRUST_EVIDENCE,AGENT_DELEGATION_PRESENT,SKILL_READ_PRESENT,7902,0,0,,7902,7902,SURFACE_ELIGIBLE_RESEARCH_ONLY,,HOLD_FOR_TRUST_EVIDENCE_GAP,TRUST_EVIDENCE_GAP,UNCLASSIFIED_TRUST_LOOP_INVESTIGATION
2026-03-23,2026-05-22,HIGH_VELOCITY,INTEGRATED_REPERTOIRE,INSUFFICIENT_TRUST_EVIDENCE,AGENT_DELEGATION_REPEATED,SKILL_READ_ABSENT,39632,0,0,,39632,0,SURFACE_ELIGIBLE_RESEARCH_ONLY,,HOLD_FOR_TRUST_EVIDENCE_GAP,TRUST_EVIDENCE_GAP,UNCLASSIFIED_TRUST_LOOP_INVESTIGATION
2026-03-23,2026-05-22,HIGH_VELOCITY,INTEGRATED_REPERTOIRE,INSUFFICIENT_TRUST_EVIDENCE,AGENT_DELEGATION_REPEATED,SKILL_READ_PRESENT,17431,0,0,,17431,17431,SURFACE_ELIGIBLE_RESEARCH_ONLY,,HOLD_FOR_TRUST_EVIDENCE_GAP,TRUST_EVIDENCE_GAP,UNCLASSIFIED_TRUST_LOOP_INVESTIGATION
2026-03-23,2026-05-22,HIGH_VELOCITY,INTEGRATED_REPERTOIRE,TRUST_SIGNAL_AVAILABLE_BUT_HELD,AGENT_DELEGATION_ABSENT,SKILL_READ_ABSENT,14994,98354,0,0.0,0,0,SURFACE_ELIGIBLE_RESEARCH_ONLY,,HOLD_FOR_TRUST_EVIDENCE_GAP,TRUST_EVIDENCE_GAP,UNCLASSIFIED_TRUST_LOOP_INVESTIGATION
2026-03-23,2026-05-22,HIGH_VELOCITY,INTEGRATED_REPERTOIRE,TRUST_SIGNAL_AVAILABLE_BUT_HELD,AGENT_DELEGATION_ABSENT,SKILL_READ_PRESENT,4759,30086,0,0.0,0,4759,SURFACE_ELIGIBLE_RESEARCH_ONLY,,HOLD_FOR_TRUST_EVIDENCE_GAP,TRUST_EVIDENCE_GAP,UNCLASSIFIED_TRUST_LOOP_INVESTIGATION
2026-03-23,2026-05-22,HIGH_VELOCITY,INTEGRATED_REPERTOIRE,TRUST_SIGNAL_AVAILABLE_BUT_HELD,AGENT_DELEGATION_PRESENT,SKILL_READ_ABSENT,1172,4519,0,0.0,1172,0,SURFACE_ELIGIBLE_RESEARCH_ONLY,,HOLD_FOR_TRUST_EVIDENCE_GAP,TRUST_EVIDENCE_GAP,UNCLASSIFIED_TRUST_LOOP_INVESTIGATION
2026-03-23,2026-05-22,HIGH_VELOCITY,INTEGRATED_REPERTOIRE,TRUST_SIGNAL_AVAILABLE_BUT_HELD,AGENT_DELEGATION_PRESENT,SKILL_READ_PRESENT,674,3872,0,0.0,674,674,SURFACE_ELIGIBLE_RESEARCH_ONLY,,HOLD_FOR_TRUST_EVIDENCE_GAP,TRUST_EVIDENCE_GAP,UNCLASSIFIED_TRUST_LOOP_INVESTIGATION
2026-03-23,2026-05-22,HIGH_VELOCITY,INTEGRATED_REPERTOIRE,TRUST_SIGNAL_AVAILABLE_BUT_HELD,AGENT_DELEGATION_REPEATED,SKILL_READ_ABSENT,1907,9204,0,0.0,1907,0,SURFACE_ELIGIBLE_RESEARCH_ONLY,,HOLD_FOR_TRUST_EVIDENCE_GAP,TRUST_EVIDENCE_GAP,UNCLASSIFIED_TRUST_LOOP_INVESTIGATION
2026-03-23,2026-05-22,HIGH_VELOCITY,INTEGRATED_REPERTOIRE,TRUST_SIGNAL_AVAILABLE_BUT_HELD,AGENT_DELEGATION_REPEATED,SKILL_READ_PRESENT,1790,8065,0,0.0,1790,1790,SURFACE_ELIGIBLE_RESEARCH_ONLY,,HOLD_FOR_TRUST_EVIDENCE_GAP,TRUST_EVIDENCE_GAP,UNCLASSIFIED_TRUST_LOOP_INVESTIGATION
2026-03-23,2026-05-22,HIGH_VELOCITY,INTEGRATED_REPERTOIRE,TRUST_SIGNAL_WITH_ALIASING,AGENT_DELEGATION_ABSENT,SKILL_READ_ABSENT,72817,346266,0,0.0,0,0,SURFACE_ELIGIBLE_RESEARCH_ONLY,,HOLD_FOR_TRUST_EVIDENCE_GAP,TRUST_EVIDENCE_GAP,UNCLASSIFIED_TRUST_LOOP_INVESTIGATION
2026-03-23,2026-05-22,HIGH_VELOCITY,INTEGRATED_REPERTOIRE,TRUST_SIGNAL_WITH_ALIASING,AGENT_DELEGATION_ABSENT,SKILL_READ_PRESENT,49315,313486,0,0.0,0,49315,SURFACE_ELIGIBLE_RESEARCH_ONLY,,HOLD_FOR_TRUST_EVIDENCE_GAP,TRUST_EVIDENCE_GAP,UNCLASSIFIED_TRUST_LOOP_INVESTIGATION
2026-03-23,2026-05-22,HIGH_VELOCITY,INTEGRATED_REPERTOIRE,TRUST_SIGNAL_WITH_ALIASING,AGENT_DELEGATION_PRESENT,SKILL_READ_ABSENT,9628,49241,0,0.0,9628,0,SURFACE_ELIGIBLE_RESEARCH_ONLY,,HOLD_FOR_TRUST_EVIDENCE_GAP,TRUST_EVIDENCE_GAP,UNCLASSIFIED_TRUST_LOOP_INVESTIGATION
2026-03-23,2026-05-22,HIGH_VELOCITY,INTEGRATED_REPERTOIRE,TRUST_SIGNAL_WITH_ALIASING,AGENT_DELEGATION_PRESENT,SKILL_READ_PRESENT,9709,60755,0,0.0,9709,9709,SURFACE_ELIGIBLE_RESEARCH_ONLY,,HOLD_FOR_TRUST_EVIDENCE_GAP,TRUST_EVIDENCE_GAP,UNCLASSIFIED_TRUST_LOOP_INVESTIGATION
2026-03-23,2026-05-22,HIGH_VELOCITY,INTEGRATED_REPERTOIRE,TRUST_SIGNAL_WITH_ALIASING,AGENT_DELEGATION_REPEATED,SKILL_READ_ABSENT,32978,149091,0,0.0,32978,0,SURFACE_ELIGIBLE_RESEARCH_ONLY,,HOLD_FOR_TRUST_EVIDENCE_GAP,TRUST_EVIDENCE_GAP,UNCLASSIFIED_TRUST_LOOP_INVESTIGATION
2026-03-23,2026-05-22,HIGH_VELOCITY,INTEGRATED_REPERTOIRE,TRUST_SIGNAL_WITH_ALIASING,AGENT_DELEGATION_REPEATED,SKILL_READ_PRESENT,29593,204044,0,0.0,29593,29593,SURFACE_ELIGIBLE_RESEARCH_ONLY,,HOLD_FOR_TRUST_EVIDENCE_GAP,TRUST_EVIDENCE_GAP,UNCLASSIFIED_TRUST_LOOP_INVESTIGATION
2026-03-23,2026-05-22,LOW_VELOCITY,ACTIVE_BUT_SHALLOW,ATTRIBUTABLE_TRUST_SIGNAL,AGENT_DELEGATION_ABSENT,SKILL_READ_ABSENT,1050,1638,1517,0.9261294261294262,0,0,SURFACE_ELIGIBLE_RESEARCH_ONLY,,CONTINUE_AS_SHALLOW_ADOPTION_REVIEW,SHALLOW_ADOPTION,UNCLASSIFIED_FRICTION_INVESTIGATION
2026-03-23,2026-05-22,LOW_VELOCITY,ACTIVE_BUT_SHALLOW,ATTRIBUTABLE_TRUST_SIGNAL,AGENT_DELEGATION_ABSENT,SKILL_READ_PRESENT,97,178,166,0.9325842696629213,0,97,SURFACE_ELIGIBLE_RESEARCH_ONLY,,CONTINUE_AS_SHALLOW_ADOPTION_REVIEW,SHALLOW_ADOPTION,UNCLASSIFIED_FRICTION_INVESTIGATION
2026-03-23,2026-05-22,LOW_VELOCITY,ACTIVE_BUT_SHALLOW,ATTRIBUTABLE_TRUST_SIGNAL,AGENT_DELEGATION_PRESENT,SKILL_READ_ABSENT,15,17,17,1.0,15,0,SURFACE_ELIGIBLE_RESEARCH_ONLY,,CONTINUE_AS_SHALLOW_ADOPTION_REVIEW,SHALLOW_ADOPTION,UNCLASSIFIED_FRICTION_INVESTIGATION
2026-03-23,2026-05-22,LOW_VELOCITY,ACTIVE_BUT_SHALLOW,ATTRIBUTABLE_TRUST_SIGNAL,AGENT_DELEGATION_REPEATED,SKILL_READ_ABSENT,11,19,17,0.8947368421052632,11,0,SURFACE_ELIGIBLE_RESEARCH_ONLY,,CONTINUE_AS_SHALLOW_ADOPTION_REVIEW,SHALLOW_ADOPTION,UNCLASSIFIED_FRICTION_INVESTIGATION
2026-03-23,2026-05-22,LOW_VELOCITY,ACTIVE_BUT_SHALLOW,INSUFFICIENT_TRUST_EVIDENCE,AGENT_DELEGATION_ABSENT,SKILL_READ_ABSENT,173739,0,0,,0,0,SURFACE_ELIGIBLE_RESEARCH_ONLY,,HOLD_FOR_TRUST_EVIDENCE_GAP,TRUST_EVIDENCE_GAP,UNCLASSIFIED_TRUST_LOOP_INVESTIGATION
2026-03-23,2026-05-22,LOW_VELOCITY,ACTIVE_BUT_SHALLOW,INSUFFICIENT_TRUST_EVIDENCE,AGENT_DELEGATION_ABSENT,SKILL_READ_PRESENT,2899,0,0,,0,2899,SURFACE_ELIGIBLE_RESEARCH_ONLY,,HOLD_FOR_TRUST_EVIDENCE_GAP,TRUST_EVIDENCE_GAP,UNCLASSIFIED_TRUST_LOOP_INVESTIGATION
2026-03-23,2026-05-22,LOW_VELOCITY,ACTIVE_BUT_SHALLOW,INSUFFICIENT_TRUST_EVIDENCE,AGENT_DELEGATION_PRESENT,SKILL_READ_ABSENT,3425,0,0,,3425,0,SURFACE_ELIGIBLE_RESEARCH_ONLY,,HOLD_FOR_TRUST_EVIDENCE_GAP,TRUST_EVIDENCE_GAP,UNCLASSIFIED_TRUST_LOOP_INVESTIGATION
2026-03-23,2026-05-22,LOW_VELOCITY,ACTIVE_BUT_SHALLOW,INSUFFICIENT_TRUST_EVIDENCE,AGENT_DELEGATION_PRESENT,SKILL_READ_PRESENT,32,0,0,,32,32,SURFACE_ELIGIBLE_RESEARCH_ONLY,,HOLD_FOR_TRUST_EVIDENCE_GAP,TRUST_EVIDENCE_GAP,UNCLASSIFIED_TRUST_LOOP_INVESTIGATION
2026-03-23,2026-05-22,LOW_VELOCITY,ACTIVE_BUT_SHALLOW,INSUFFICIENT_TRUST_EVIDENCE,AGENT_DELEGATION_REPEATED,SKILL_READ_ABSENT,2365,0,0,,2365,0,SURFACE_ELIGIBLE_RESEARCH_ONLY,,HOLD_FOR_TRUST_EVIDENCE_GAP,TRUST_EVIDENCE_GAP,UNCLASSIFIED_TRUST_LOOP_INVESTIGATION
2026-03-23,2026-05-22,LOW_VELOCITY,ACTIVE_BUT_SHALLOW,INSUFFICIENT_TRUST_EVIDENCE,AGENT_DELEGATION_REPEATED,SKILL_READ_PRESENT,41,0,0,,41,41,SURFACE_ELIGIBLE_RESEARCH_ONLY,,HOLD_FOR_TRUST_EVIDENCE_GAP,TRUST_EVIDENCE_GAP,UNCLASSIFIED_TRUST_LOOP_INVESTIGATION
2026-03-23,2026-05-22,LOW_VELOCITY,ACTIVE_BUT_SHALLOW,TRUST_SIGNAL_AVAILABLE_BUT_HELD,AGENT_DELEGATION_ABSENT,SKILL_READ_ABSENT,490,776,0,0.0,0,0,SURFACE_ELIGIBLE_RESEARCH_ONLY,,HOLD_FOR_TRUST_EVIDENCE_GAP,TRUST_EVIDENCE_GAP,UNCLASSIFIED_TRUST_LOOP_INVESTIGATION
2026-03-23,2026-05-22,LOW_VELOCITY,ACTIVE_BUT_SHALLOW,TRUST_SIGNAL_AVAILABLE_BUT_HELD,AGENT_DELEGATION_ABSENT,SKILL_READ_PRESENT,15,22,0,0.0,0,15,SURFACE_ELIGIBLE_RESEARCH_ONLY,,HOLD_FOR_TRUST_EVIDENCE_GAP,TRUST_EVIDENCE_GAP,UNCLASSIFIED_TRUST_LOOP_INVESTIGATION
2026-03-23,2026-05-22,LOW_VELOCITY,ACTIVE_BUT_SHALLOW,TRUST_SIGNAL_AVAILABLE_BUT_HELD,AGENT_DELEGATION_PRESENT,SKILL_READ_ABSENT,32,44,0,0.0,32,0,SURFACE_ELIGIBLE_RESEARCH_ONLY,,HOLD_FOR_TRUST_EVIDENCE_GAP,TRUST_EVIDENCE_GAP,UNCLASSIFIED_TRUST_LOOP_INVESTIGATION
2026-03-23,2026-05-22,LOW_VELOCITY,ACTIVE_BUT_SHALLOW,TRUST_SIGNAL_AVAILABLE_BUT_HELD,AGENT_DELEGATION_PRESENT,SKILL_READ_PRESENT,,,,,,,SUPPRESS,INSUFFICIENT_VOLUME,HOLD_SMALL_CELL_SUPPRESSED,SUPPRESSED,NO_VALUE_HYPOTHESIS
2026-03-23,2026-05-22,LOW_VELOCITY,ACTIVE_BUT_SHALLOW,TRUST_SIGNAL_AVAILABLE_BUT_HELD,AGENT_DELEGATION_REPEATED,SKILL_READ_ABSENT,27,46,0,0.0,27,0,SURFACE_ELIGIBLE_RESEARCH_ONLY,,HOLD_FOR_TRUST_EVIDENCE_GAP,TRUST_EVIDENCE_GAP,UNCLASSIFIED_TRUST_LOOP_INVESTIGATION
2026-03-23,2026-05-22,LOW_VELOCITY,ACTIVE_BUT_SHALLOW,TRUST_SIGNAL_WITH_ALIASING,AGENT_DELEGATION_ABSENT,SKILL_READ_ABSENT,2202,3972,0,0.0,0,0,SURFACE_ELIGIBLE_RESEARCH_ONLY,,HOLD_FOR_TRUST_EVIDENCE_GAP,TRUST_EVIDENCE_GAP,UNCLASSIFIED_TRUST_LOOP_INVESTIGATION
2026-03-23,2026-05-22,LOW_VELOCITY,ACTIVE_BUT_SHALLOW,TRUST_SIGNAL_WITH_ALIASING,AGENT_DELEGATION_ABSENT,SKILL_READ_PRESENT,112,223,0,0.0,0,112,SURFACE_ELIGIBLE_RESEARCH_ONLY,,HOLD_FOR_TRUST_EVIDENCE_GAP,TRUST_EVIDENCE_GAP,UNCLASSIFIED_TRUST_LOOP_INVESTIGATION
2026-03-23,2026-05-22,LOW_VELOCITY,ACTIVE_BUT_SHALLOW,TRUST_SIGNAL_WITH_ALIASING,AGENT_DELEGATION_PRESENT,SKILL_READ_ABSENT,105,145,0,0.0,105,0,SURFACE_ELIGIBLE_RESEARCH_ONLY,,HOLD_FOR_TRUST_EVIDENCE_GAP,TRUST_EVIDENCE_GAP,UNCLASSIFIED_TRUST_LOOP_INVESTIGATION
2026-03-23,2026-05-22,LOW_VELOCITY,ACTIVE_BUT_SHALLOW,TRUST_SIGNAL_WITH_ALIASING,AGENT_DELEGATION_PRESENT,SKILL_READ_PRESENT,,,,,,,SUPPRESS,INSUFFICIENT_VOLUME,HOLD_SMALL_CELL_SUPPRESSED,SUPPRESSED,NO_VALUE_HYPOTHESIS
2026-03-23,2026-05-22,LOW_VELOCITY,ACTIVE_BUT_SHALLOW,TRUST_SIGNAL_WITH_ALIASING,AGENT_DELEGATION_REPEATED,SKILL_READ_ABSENT,91,138,0,0.0,91,0,SURFACE_ELIGIBLE_RESEARCH_ONLY,,HOLD_FOR_TRUST_EVIDENCE_GAP,TRUST_EVIDENCE_GAP,UNCLASSIFIED_TRUST_LOOP_INVESTIGATION
2026-03-23,2026-05-22,LOW_VELOCITY,ACTIVE_BUT_SHALLOW,TRUST_SIGNAL_WITH_ALIASING,AGENT_DELEGATION_REPEATED,SKILL_READ_PRESENT,,,,,,,SUPPRESS,INSUFFICIENT_VOLUME,HOLD_SMALL_CELL_SUPPRESSED,SUPPRESSED,NO_VALUE_HYPOTHESIS
2026-03-23,2026-05-22,LOW_VELOCITY,FOCUSED_INTEGRATION,INSUFFICIENT_TRUST_EVIDENCE,AGENT_DELEGATION_ABSENT,SKILL_READ_ABSENT,469597,0,0,,0,0,SURFACE_ELIGIBLE_RESEARCH_ONLY,,HOLD_FOR_TRUST_EVIDENCE_GAP,TRUST_EVIDENCE_GAP,UNCLASSIFIED_TRUST_LOOP_INVESTIGATION
2026-03-23,2026-05-22,LOW_VELOCITY,FOCUSED_INTEGRATION,INSUFFICIENT_TRUST_EVIDENCE,AGENT_DELEGATION_ABSENT,SKILL_READ_PRESENT,78,0,0,,0,78,SURFACE_ELIGIBLE_RESEARCH_ONLY,,HOLD_FOR_TRUST_EVIDENCE_GAP,TRUST_EVIDENCE_GAP,UNCLASSIFIED_TRUST_LOOP_INVESTIGATION
2026-03-23,2026-05-22,LOW_VELOCITY,FOCUSED_INTEGRATION,INSUFFICIENT_TRUST_EVIDENCE,AGENT_DELEGATION_REPEATED,SKILL_READ_ABSENT,53,0,0,,53,0,SURFACE_ELIGIBLE_RESEARCH_ONLY,,HOLD_FOR_TRUST_EVIDENCE_GAP,TRUST_EVIDENCE_GAP,UNCLASSIFIED_TRUST_LOOP_INVESTIGATION
2026-03-23,2026-05-22,LOW_VELOCITY,FOCUSED_INTEGRATION,INSUFFICIENT_TRUST_EVIDENCE,AGENT_DELEGATION_REPEATED,SKILL_READ_PRESENT,,,,,,,SUPPRESS,INSUFFICIENT_VOLUME,HOLD_SMALL_CELL_SUPPRESSED,SUPPRESSED,NO_VALUE_HYPOTHESIS
2026-03-23,2026-05-22,LOW_VELOCITY,FOCUSED_INTEGRATION,TRUST_SIGNAL_AVAILABLE_BUT_HELD,AGENT_DELEGATION_ABSENT,SKILL_READ_ABSENT,31,59,0,0.0,0,0,SURFACE_ELIGIBLE_RESEARCH_ONLY,,HOLD_FOR_TRUST_EVIDENCE_GAP,TRUST_EVIDENCE_GAP,UNCLASSIFIED_TRUST_LOOP_INVESTIGATION
2026-03-23,2026-05-22,LOW_VELOCITY,FOCUSED_INTEGRATION,TRUST_SIGNAL_WITH_ALIASING,AGENT_DELEGATION_ABSENT,SKILL_READ_ABSENT,,,,,,,SUPPRESS,INSUFFICIENT_VOLUME,HOLD_SMALL_CELL_SUPPRESSED,SUPPRESSED,NO_VALUE_HYPOTHESIS
2026-03-23,2026-05-22,LOW_VELOCITY,FOCUSED_INTEGRATION,TRUST_SIGNAL_WITH_ALIASING,AGENT_DELEGATION_REPEATED,SKILL_READ_ABSENT,,,,,,,SUPPRESS,INSUFFICIENT_VOLUME,HOLD_SMALL_CELL_SUPPRESSED,SUPPRESSED,NO_VALUE_HYPOTHESIS
2026-03-23,2026-05-22,LOW_VELOCITY,INTEGRATED_REPERTOIRE,ATTRIBUTABLE_TRUST_SIGNAL,AGENT_DELEGATION_ABSENT,SKILL_READ_ABSENT,283,455,404,0.8879120879120879,0,0,SURFACE_ELIGIBLE_RESEARCH_ONLY,,PROMOTE_FOR_FOCUSED_USE_REVIEW,FOCUSED_EXPERT_USE,NET_NEW_OR_QUALITY_PREMIUM_CANDIDATE_REQUIRES_BUSINESS_CONTEXT
2026-03-23,2026-05-22,LOW_VELOCITY,INTEGRATED_REPERTOIRE,ATTRIBUTABLE_TRUST_SIGNAL,AGENT_DELEGATION_ABSENT,SKILL_READ_PRESENT,27,40,35,0.875,0,27,SURFACE_ELIGIBLE_RESEARCH_ONLY,,PROMOTE_FOR_FOCUSED_USE_REVIEW,FOCUSED_EXPERT_USE,NET_NEW_OR_QUALITY_PREMIUM_CANDIDATE_REQUIRES_BUSINESS_CONTEXT
2026-03-23,2026-05-22,LOW_VELOCITY,INTEGRATED_REPERTOIRE,ATTRIBUTABLE_TRUST_SIGNAL,AGENT_DELEGATION_PRESENT,SKILL_READ_ABSENT,162,238,208,0.8739495798319328,162,0,SURFACE_ELIGIBLE_RESEARCH_ONLY,,PROMOTE_FOR_FOCUSED_USE_REVIEW,FOCUSED_EXPERT_USE,NET_NEW_OR_QUALITY_PREMIUM_CANDIDATE_REQUIRES_BUSINESS_CONTEXT
2026-03-23,2026-05-22,LOW_VELOCITY,INTEGRATED_REPERTOIRE,ATTRIBUTABLE_TRUST_SIGNAL,AGENT_DELEGATION_PRESENT,SKILL_READ_PRESENT,14,36,32,0.8888888888888888,14,14,SURFACE_ELIGIBLE_RESEARCH_ONLY,,PROMOTE_FOR_FOCUSED_USE_REVIEW,FOCUSED_EXPERT_USE,NET_NEW_OR_QUALITY_PREMIUM_CANDIDATE_REQUIRES_BUSINESS_CONTEXT
2026-03-23,2026-05-22,LOW_VELOCITY,INTEGRATED_REPERTOIRE,ATTRIBUTABLE_TRUST_SIGNAL,AGENT_DELEGATION_REPEATED,SKILL_READ_ABSENT,232,380,303,0.7973684210526316,232,0,SURFACE_ELIGIBLE_RESEARCH_ONLY,,PROMOTE_FOR_FOCUSED_USE_REVIEW,FOCUSED_EXPERT_USE,NET_NEW_OR_QUALITY_PREMIUM_CANDIDATE_REQUIRES_BUSINESS_CONTEXT
2026-03-23,2026-05-22,LOW_VELOCITY,INTEGRATED_REPERTOIRE,ATTRIBUTABLE_TRUST_SIGNAL,AGENT_DELEGATION_REPEATED,SKILL_READ_PRESENT,5,10,7,0.7,5,5,SURFACE_ELIGIBLE_RESEARCH_ONLY,,PROMOTE_FOR_FOCUSED_USE_REVIEW,FOCUSED_EXPERT_USE,NET_NEW_OR_QUALITY_PREMIUM_CANDIDATE_REQUIRES_BUSINESS_CONTEXT
2026-03-23,2026-05-22,LOW_VELOCITY,INTEGRATED_REPERTOIRE,INSUFFICIENT_TRUST_EVIDENCE,AGENT_DELEGATION_ABSENT,SKILL_READ_ABSENT,23280,0,0,,0,0,SURFACE_ELIGIBLE_RESEARCH_ONLY,,HOLD_FOR_TRUST_EVIDENCE_GAP,TRUST_EVIDENCE_GAP,UNCLASSIFIED_TRUST_LOOP_INVESTIGATION
2026-03-23,2026-05-22,LOW_VELOCITY,INTEGRATED_REPERTOIRE,INSUFFICIENT_TRUST_EVIDENCE,AGENT_DELEGATION_ABSENT,SKILL_READ_PRESENT,753,0,0,,0,753,SURFACE_ELIGIBLE_RESEARCH_ONLY,,HOLD_FOR_TRUST_EVIDENCE_GAP,TRUST_EVIDENCE_GAP,UNCLASSIFIED_TRUST_LOOP_INVESTIGATION
2026-03-23,2026-05-22,LOW_VELOCITY,INTEGRATED_REPERTOIRE,INSUFFICIENT_TRUST_EVIDENCE,AGENT_DELEGATION_PRESENT,SKILL_READ_ABSENT,6700,0,0,,6700,0,SURFACE_ELIGIBLE_RESEARCH_ONLY,,HOLD_FOR_TRUST_EVIDENCE_GAP,TRUST_EVIDENCE_GAP,UNCLASSIFIED_TRUST_LOOP_INVESTIGATION
2026-03-23,2026-05-22,LOW_VELOCITY,INTEGRATED_REPERTOIRE,INSUFFICIENT_TRUST_EVIDENCE,AGENT_DELEGATION_PRESENT,SKILL_READ_PRESENT,198,0,0,,198,198,SURFACE_ELIGIBLE_RESEARCH_ONLY,,HOLD_FOR_TRUST_EVIDENCE_GAP,TRUST_EVIDENCE_GAP,UNCLASSIFIED_TRUST_LOOP_INVESTIGATION
2026-03-23,2026-05-22,LOW_VELOCITY,INTEGRATED_REPERTOIRE,INSUFFICIENT_TRUST_EVIDENCE,AGENT_DELEGATION_REPEATED,SKILL_READ_ABSENT,6353,0,0,,6353,0,SURFACE_ELIGIBLE_RESEARCH_ONLY,,HOLD_FOR_TRUST_EVIDENCE_GAP,TRUST_EVIDENCE_GAP,UNCLASSIFIED_TRUST_LOOP_INVESTIGATION
2026-03-23,2026-05-22,LOW_VELOCITY,INTEGRATED_REPERTOIRE,INSUFFICIENT_TRUST_EVIDENCE,AGENT_DELEGATION_REPEATED,SKILL_READ_PRESENT,125,0,0,,125,125,SURFACE_ELIGIBLE_RESEARCH_ONLY,,HOLD_FOR_TRUST_EVIDENCE_GAP,TRUST_EVIDENCE_GAP,UNCLASSIFIED_TRUST_LOOP_INVESTIGATION
2026-03-23,2026-05-22,LOW_VELOCITY,INTEGRATED_REPERTOIRE,TRUST_SIGNAL_AVAILABLE_BUT_HELD,AGENT_DELEGATION_ABSENT,SKILL_READ_ABSENT,130,203,0,0.0,0,0,SURFACE_ELIGIBLE_RESEARCH_ONLY,,HOLD_FOR_TRUST_EVIDENCE_GAP,TRUST_EVIDENCE_GAP,UNCLASSIFIED_TRUST_LOOP_INVESTIGATION
2026-03-23,2026-05-22,LOW_VELOCITY,INTEGRATED_REPERTOIRE,TRUST_SIGNAL_AVAILABLE_BUT_HELD,AGENT_DELEGATION_ABSENT,SKILL_READ_PRESENT,,,,,,,SUPPRESS,INSUFFICIENT_VOLUME,HOLD_SMALL_CELL_SUPPRESSED,SUPPRESSED,NO_VALUE_HYPOTHESIS
2026-03-23,2026-05-22,LOW_VELOCITY,INTEGRATED_REPERTOIRE,TRUST_SIGNAL_AVAILABLE_BUT_HELD,AGENT_DELEGATION_PRESENT,SKILL_READ_ABSENT,34,58,0,0.0,34,0,SURFACE_ELIGIBLE_RESEARCH_ONLY,,HOLD_FOR_TRUST_EVIDENCE_GAP,TRUST_EVIDENCE_GAP,UNCLASSIFIED_TRUST_LOOP_INVESTIGATION
2026-03-23,2026-05-22,LOW_VELOCITY,INTEGRATED_REPERTOIRE,TRUST_SIGNAL_AVAILABLE_BUT_HELD,AGENT_DELEGATION_PRESENT,SKILL_READ_PRESENT,,,,,,,SUPPRESS,INSUFFICIENT_VOLUME,HOLD_SMALL_CELL_SUPPRESSED,SUPPRESSED,NO_VALUE_HYPOTHESIS
2026-03-23,2026-05-22,LOW_VELOCITY,INTEGRATED_REPERTOIRE,TRUST_SIGNAL_AVAILABLE_BUT_HELD,AGENT_DELEGATION_REPEATED,SKILL_READ_ABSENT,50,82,0,0.0,50,0,SURFACE_ELIGIBLE_RESEARCH_ONLY,,HOLD_FOR_TRUST_EVIDENCE_GAP,TRUST_EVIDENCE_GAP,UNCLASSIFIED_TRUST_LOOP_INVESTIGATION
2026-03-23,2026-05-22,LOW_VELOCITY,INTEGRATED_REPERTOIRE,TRUST_SIGNAL_WITH_ALIASING,AGENT_DELEGATION_ABSENT,SKILL_READ_ABSENT,1135,1904,0,0.0,0,0,SURFACE_ELIGIBLE_RESEARCH_ONLY,,HOLD_FOR_TRUST_EVIDENCE_GAP,TRUST_EVIDENCE_GAP,UNCLASSIFIED_TRUST_LOOP_INVESTIGATION
2026-03-23,2026-05-22,LOW_VELOCITY,INTEGRATED_REPERTOIRE,TRUST_SIGNAL_WITH_ALIASING,AGENT_DELEGATION_ABSENT,SKILL_READ_PRESENT,36,66,0,0.0,0,36,SURFACE_ELIGIBLE_RESEARCH_ONLY,,HOLD_FOR_TRUST_EVIDENCE_GAP,TRUST_EVIDENCE_GAP,UNCLASSIFIED_TRUST_LOOP_INVESTIGATION
2026-03-23,2026-05-22,LOW_VELOCITY,INTEGRATED_REPERTOIRE,TRUST_SIGNAL_WITH_ALIASING,AGENT_DELEGATION_PRESENT,SKILL_READ_ABSENT,388,565,0,0.0,388,0,SURFACE_ELIGIBLE_RESEARCH_ONLY,,HOLD_FOR_TRUST_EVIDENCE_GAP,TRUST_EVIDENCE_GAP,UNCLASSIFIED_TRUST_LOOP_INVESTIGATION
2026-03-23,2026-05-22,LOW_VELOCITY,INTEGRATED_REPERTOIRE,TRUST_SIGNAL_WITH_ALIASING,AGENT_DELEGATION_PRESENT,SKILL_READ_PRESENT,22,26,0,0.0,22,22,SURFACE_ELIGIBLE_RESEARCH_ONLY,,HOLD_FOR_TRUST_EVIDENCE_GAP,TRUST_EVIDENCE_GAP,UNCLASSIFIED_TRUST_LOOP_INVESTIGATION
2026-03-23,2026-05-22,LOW_VELOCITY,INTEGRATED_REPERTOIRE,TRUST_SIGNAL_WITH_ALIASING,AGENT_DELEGATION_REPEATED,SKILL_READ_ABSENT,544,802,0,0.0,544,0,SURFACE_ELIGIBLE_RESEARCH_ONLY,,HOLD_FOR_TRUST_EVIDENCE_GAP,TRUST_EVIDENCE_GAP,UNCLASSIFIED_TRUST_LOOP_INVESTIGATION
2026-03-23,2026-05-22,LOW_VELOCITY,INTEGRATED_REPERTOIRE,TRUST_SIGNAL_WITH_ALIASING,AGENT_DELEGATION_REPEATED,SKILL_READ_PRESENT,22,32,0,0.0,22,22,SURFACE_ELIGIBLE_RESEARCH_ONLY,,HOLD_FOR_TRUST_EVIDENCE_GAP,TRUST_EVIDENCE_GAP,UNCLASSIFIED_TRUST_LOOP_INVESTIGATION
2026-03-23,2026-05-22,LOW_VELOCITY,UNSTABLE_OR_INSUFFICIENT,INSUFFICIENT_TRUST_EVIDENCE,AGENT_DELEGATION_ABSENT,SKILL_READ_ABSENT,70078,0,0,,0,0,SURFACE_ELIGIBLE_RESEARCH_ONLY,,HOLD_FOR_TRUST_EVIDENCE_GAP,TRUST_EVIDENCE_GAP,UNCLASSIFIED_TRUST_LOOP_INVESTIGATION
2026-03-23,2026-05-22,LOW_VELOCITY,UNSTABLE_OR_INSUFFICIENT,INSUFFICIENT_TRUST_EVIDENCE,AGENT_DELEGATION_ABSENT,SKILL_READ_PRESENT,188,0,0,,0,188,SURFACE_ELIGIBLE_RESEARCH_ONLY,,HOLD_FOR_TRUST_EVIDENCE_GAP,TRUST_EVIDENCE_GAP,UNCLASSIFIED_TRUST_LOOP_INVESTIGATION
2026-03-23,2026-05-22,LOW_VELOCITY,UNSTABLE_OR_INSUFFICIENT,INSUFFICIENT_TRUST_EVIDENCE,AGENT_DELEGATION_PRESENT,SKILL_READ_ABSENT,8,0,0,,8,0,SURFACE_ELIGIBLE_RESEARCH_ONLY,,HOLD_FOR_TRUST_EVIDENCE_GAP,TRUST_EVIDENCE_GAP,UNCLASSIFIED_TRUST_LOOP_INVESTIGATION
2026-03-23,2026-05-22,LOW_VELOCITY,UNSTABLE_OR_INSUFFICIENT,TRUST_SIGNAL_AVAILABLE_BUT_HELD,AGENT_DELEGATION_ABSENT,SKILL_READ_ABSENT,,,,,,,SUPPRESS,INSUFFICIENT_VOLUME,HOLD_SMALL_CELL_SUPPRESSED,SUPPRESSED,NO_VALUE_HYPOTHESIS
2026-03-23,2026-05-22,MEDIUM_VELOCITY,ACTIVE_BUT_SHALLOW,ATTRIBUTABLE_TRUST_SIGNAL,AGENT_DELEGATION_ABSENT,SKILL_READ_ABSENT,2825,7058,5893,0.8349390762255596,0,0,SURFACE_ELIGIBLE_RESEARCH_ONLY,,CONTINUE_AS_SHALLOW_ADOPTION_REVIEW,SHALLOW_ADOPTION,UNCLASSIFIED_FRICTION_INVESTIGATION
2026-03-23,2026-05-22,MEDIUM_VELOCITY,ACTIVE_BUT_SHALLOW,ATTRIBUTABLE_TRUST_SIGNAL,AGENT_DELEGATION_ABSENT,SKILL_READ_PRESENT,868,2128,1599,0.7514097744360902,0,868,SURFACE_ELIGIBLE_RESEARCH_ONLY,,CONTINUE_AS_SHALLOW_ADOPTION_REVIEW,SHALLOW_ADOPTION,UNCLASSIFIED_FRICTION_INVESTIGATION
2026-03-23,2026-05-22,MEDIUM_VELOCITY,ACTIVE_BUT_SHALLOW,ATTRIBUTABLE_TRUST_SIGNAL,AGENT_DELEGATION_PRESENT,SKILL_READ_ABSENT,,,,,,,SUPPRESS,INSUFFICIENT_VOLUME,HOLD_SMALL_CELL_SUPPRESSED,SUPPRESSED,NO_VALUE_HYPOTHESIS
2026-03-23,2026-05-22,MEDIUM_VELOCITY,ACTIVE_BUT_SHALLOW,ATTRIBUTABLE_TRUST_SIGNAL,AGENT_DELEGATION_REPEATED,SKILL_READ_ABSENT,,,,,,,SUPPRESS,INSUFFICIENT_VOLUME,HOLD_SMALL_CELL_SUPPRESSED,SUPPRESSED,NO_VALUE_HYPOTHESIS
2026-03-23,2026-05-22,MEDIUM_VELOCITY,ACTIVE_BUT_SHALLOW,INSUFFICIENT_TRUST_EVIDENCE,AGENT_DELEGATION_ABSENT,SKILL_READ_ABSENT,115279,0,0,,0,0,SURFACE_ELIGIBLE_RESEARCH_ONLY,,HOLD_FOR_TRUST_EVIDENCE_GAP,TRUST_EVIDENCE_GAP,UNCLASSIFIED_TRUST_LOOP_INVESTIGATION
2026-03-23,2026-05-22,MEDIUM_VELOCITY,ACTIVE_BUT_SHALLOW,INSUFFICIENT_TRUST_EVIDENCE,AGENT_DELEGATION_ABSENT,SKILL_READ_PRESENT,8157,0,0,,0,8157,SURFACE_ELIGIBLE_RESEARCH_ONLY,,HOLD_FOR_TRUST_EVIDENCE_GAP,TRUST_EVIDENCE_GAP,UNCLASSIFIED_TRUST_LOOP_INVESTIGATION
2026-03-23,2026-05-22,MEDIUM_VELOCITY,ACTIVE_BUT_SHALLOW,INSUFFICIENT_TRUST_EVIDENCE,AGENT_DELEGATION_PRESENT,SKILL_READ_ABSENT,579,0,0,,579,0,SURFACE_ELIGIBLE_RESEARCH_ONLY,,HOLD_FOR_TRUST_EVIDENCE_GAP,TRUST_EVIDENCE_GAP,UNCLASSIFIED_TRUST_LOOP_INVESTIGATION
2026-03-23,2026-05-22,MEDIUM_VELOCITY,ACTIVE_BUT_SHALLOW,INSUFFICIENT_TRUST_EVIDENCE,AGENT_DELEGATION_PRESENT,SKILL_READ_PRESENT,49,0,0,,49,49,SURFACE_ELIGIBLE_RESEARCH_ONLY,,HOLD_FOR_TRUST_EVIDENCE_GAP,TRUST_EVIDENCE_GAP,UNCLASSIFIED_TRUST_LOOP_INVESTIGATION
2026-03-23,2026-05-22,MEDIUM_VELOCITY,ACTIVE_BUT_SHALLOW,INSUFFICIENT_TRUST_EVIDENCE,AGENT_DELEGATION_REPEATED,SKILL_READ_ABSENT,1036,0,0,,1036,0,SURFACE_ELIGIBLE_RESEARCH_ONLY,,HOLD_FOR_TRUST_EVIDENCE_GAP,TRUST_EVIDENCE_GAP,UNCLASSIFIED_TRUST_LOOP_INVESTIGATION
2026-03-23,2026-05-22,MEDIUM_VELOCITY,ACTIVE_BUT_SHALLOW,INSUFFICIENT_TRUST_EVIDENCE,AGENT_DELEGATION_REPEATED,SKILL_READ_PRESENT,130,0,0,,130,130,SURFACE_ELIGIBLE_RESEARCH_ONLY,,HOLD_FOR_TRUST_EVIDENCE_GAP,TRUST_EVIDENCE_GAP,UNCLASSIFIED_TRUST_LOOP_INVESTIGATION
2026-03-23,2026-05-22,MEDIUM_VELOCITY,ACTIVE_BUT_SHALLOW,TRUST_SIGNAL_AVAILABLE_BUT_HELD,AGENT_DELEGATION_ABSENT,SKILL_READ_ABSENT,1118,2259,0,0.0,0,0,SURFACE_ELIGIBLE_RESEARCH_ONLY,,HOLD_FOR_TRUST_EVIDENCE_GAP,TRUST_EVIDENCE_GAP,UNCLASSIFIED_TRUST_LOOP_INVESTIGATION
2026-03-23,2026-05-22,MEDIUM_VELOCITY,ACTIVE_BUT_SHALLOW,TRUST_SIGNAL_AVAILABLE_BUT_HELD,AGENT_DELEGATION_ABSENT,SKILL_READ_PRESENT,82,149,0,0.0,0,82,SURFACE_ELIGIBLE_RESEARCH_ONLY,,HOLD_FOR_TRUST_EVIDENCE_GAP,TRUST_EVIDENCE_GAP,UNCLASSIFIED_TRUST_LOOP_INVESTIGATION
2026-03-23,2026-05-22,MEDIUM_VELOCITY,ACTIVE_BUT_SHALLOW,TRUST_SIGNAL_AVAILABLE_BUT_HELD,AGENT_DELEGATION_PRESENT,SKILL_READ_ABSENT,16,41,0,0.0,16,0,SURFACE_ELIGIBLE_RESEARCH_ONLY,,HOLD_FOR_TRUST_EVIDENCE_GAP,TRUST_EVIDENCE_GAP,UNCLASSIFIED_TRUST_LOOP_INVESTIGATION
2026-03-23,2026-05-22,MEDIUM_VELOCITY,ACTIVE_BUT_SHALLOW,TRUST_SIGNAL_AVAILABLE_BUT_HELD,AGENT_DELEGATION_PRESENT,SKILL_READ_PRESENT,,,,,,,SUPPRESS,INSUFFICIENT_VOLUME,HOLD_SMALL_CELL_SUPPRESSED,SUPPRESSED,NO_VALUE_HYPOTHESIS
2026-03-23,2026-05-22,MEDIUM_VELOCITY,ACTIVE_BUT_SHALLOW,TRUST_SIGNAL_AVAILABLE_BUT_HELD,AGENT_DELEGATION_REPEATED,SKILL_READ_ABSENT,45,83,0,0.0,45,0,SURFACE_ELIGIBLE_RESEARCH_ONLY,,HOLD_FOR_TRUST_EVIDENCE_GAP,TRUST_EVIDENCE_GAP,UNCLASSIFIED_TRUST_LOOP_INVESTIGATION
2026-03-23,2026-05-22,MEDIUM_VELOCITY,ACTIVE_BUT_SHALLOW,TRUST_SIGNAL_AVAILABLE_BUT_HELD,AGENT_DELEGATION_REPEATED,SKILL_READ_PRESENT,,,,,,,SUPPRESS,INSUFFICIENT_VOLUME,HOLD_SMALL_CELL_SUPPRESSED,SUPPRESSED,NO_VALUE_HYPOTHESIS
2026-03-23,2026-05-22,MEDIUM_VELOCITY,ACTIVE_BUT_SHALLOW,TRUST_SIGNAL_WITH_ALIASING,AGENT_DELEGATION_ABSENT,SKILL_READ_ABSENT,7328,20712,0,0.0,0,0,SURFACE_ELIGIBLE_RESEARCH_ONLY,,HOLD_FOR_TRUST_EVIDENCE_GAP,TRUST_EVIDENCE_GAP,UNCLASSIFIED_TRUST_LOOP_INVESTIGATION
2026-03-23,2026-05-22,MEDIUM_VELOCITY,ACTIVE_BUT_SHALLOW,TRUST_SIGNAL_WITH_ALIASING,AGENT_DELEGATION_ABSENT,SKILL_READ_PRESENT,1883,5455,0,0.0,0,1883,SURFACE_ELIGIBLE_RESEARCH_ONLY,,HOLD_FOR_TRUST_EVIDENCE_GAP,TRUST_EVIDENCE_GAP,UNCLASSIFIED_TRUST_LOOP_INVESTIGATION
2026-03-23,2026-05-22,MEDIUM_VELOCITY,ACTIVE_BUT_SHALLOW,TRUST_SIGNAL_WITH_ALIASING,AGENT_DELEGATION_PRESENT,SKILL_READ_ABSENT,48,148,0,0.0,48,0,SURFACE_ELIGIBLE_RESEARCH_ONLY,,HOLD_FOR_TRUST_EVIDENCE_GAP,TRUST_EVIDENCE_GAP,UNCLASSIFIED_TRUST_LOOP_INVESTIGATION
2026-03-23,2026-05-22,MEDIUM_VELOCITY,ACTIVE_BUT_SHALLOW,TRUST_SIGNAL_WITH_ALIASING,AGENT_DELEGATION_PRESENT,SKILL_READ_PRESENT,8,72,0,0.0,8,8,SURFACE_ELIGIBLE_RESEARCH_ONLY,,HOLD_FOR_TRUST_EVIDENCE_GAP,TRUST_EVIDENCE_GAP,UNCLASSIFIED_TRUST_LOOP_INVESTIGATION
2026-03-23,2026-05-22,MEDIUM_VELOCITY,ACTIVE_BUT_SHALLOW,TRUST_SIGNAL_WITH_ALIASING,AGENT_DELEGATION_REPEATED,SKILL_READ_ABSENT,115,638,0,0.0,115,0,SURFACE_ELIGIBLE_RESEARCH_ONLY,,HOLD_FOR_TRUST_EVIDENCE_GAP,TRUST_EVIDENCE_GAP,UNCLASSIFIED_TRUST_LOOP_INVESTIGATION
2026-03-23,2026-05-22,MEDIUM_VELOCITY,ACTIVE_BUT_SHALLOW,TRUST_SIGNAL_WITH_ALIASING,AGENT_DELEGATION_REPEATED,SKILL_READ_PRESENT,22,98,0,0.0,22,22,SURFACE_ELIGIBLE_RESEARCH_ONLY,,HOLD_FOR_TRUST_EVIDENCE_GAP,TRUST_EVIDENCE_GAP,UNCLASSIFIED_TRUST_LOOP_INVESTIGATION
2026-03-23,2026-05-22,MEDIUM_VELOCITY,FOCUSED_INTEGRATION,INSUFFICIENT_TRUST_EVIDENCE,AGENT_DELEGATION_ABSENT,SKILL_READ_ABSENT,350531,0,0,,0,0,SURFACE_ELIGIBLE_RESEARCH_ONLY,,HOLD_FOR_TRUST_EVIDENCE_GAP,TRUST_EVIDENCE_GAP,UNCLASSIFIED_TRUST_LOOP_INVESTIGATION
2026-03-23,2026-05-22,MEDIUM_VELOCITY,FOCUSED_INTEGRATION,INSUFFICIENT_TRUST_EVIDENCE,AGENT_DELEGATION_ABSENT,SKILL_READ_PRESENT,172,0,0,,0,172,SURFACE_ELIGIBLE_RESEARCH_ONLY,,HOLD_FOR_TRUST_EVIDENCE_GAP,TRUST_EVIDENCE_GAP,UNCLASSIFIED_TRUST_LOOP_INVESTIGATION
2026-03-23,2026-05-22,MEDIUM_VELOCITY,FOCUSED_INTEGRATION,INSUFFICIENT_TRUST_EVIDENCE,AGENT_DELEGATION_REPEATED,SKILL_READ_ABSENT,11,0,0,,11,0,SURFACE_ELIGIBLE_RESEARCH_ONLY,,HOLD_FOR_TRUST_EVIDENCE_GAP,TRUST_EVIDENCE_GAP,UNCLASSIFIED_TRUST_LOOP_INVESTIGATION
2026-03-23,2026-05-22,MEDIUM_VELOCITY,FOCUSED_INTEGRATION,INSUFFICIENT_TRUST_EVIDENCE,AGENT_DELEGATION_REPEATED,SKILL_READ_PRESENT,,,,,,,SUPPRESS,INSUFFICIENT_VOLUME,HOLD_SMALL_CELL_SUPPRESSED,SUPPRESSED,NO_VALUE_HYPOTHESIS
2026-03-23,2026-05-22,MEDIUM_VELOCITY,FOCUSED_INTEGRATION,TRUST_SIGNAL_AVAILABLE_BUT_HELD,AGENT_DELEGATION_ABSENT,SKILL_READ_ABSENT,29,49,0,0.0,0,0,SURFACE_ELIGIBLE_RESEARCH_ONLY,,HOLD_FOR_TRUST_EVIDENCE_GAP,TRUST_EVIDENCE_GAP,UNCLASSIFIED_TRUST_LOOP_INVESTIGATION
2026-03-23,2026-05-22,MEDIUM_VELOCITY,INTEGRATED_REPERTOIRE,ATTRIBUTABLE_TRUST_SIGNAL,AGENT_DELEGATION_ABSENT,SKILL_READ_ABSENT,2913,7364,4951,0.6723248234655079,0,0,SURFACE_ELIGIBLE_RESEARCH_ONLY,,PROMOTE_FOR_SCALE_CANDIDATE_STABILITY_REVIEW,SCALE_CANDIDATE,ACCELERATION_OR_QUALITY_PREMIUM_CANDIDATE_REQUIRES_OUTCOME_EVIDENCE
2026-03-23,2026-05-22,MEDIUM_VELOCITY,INTEGRATED_REPERTOIRE,ATTRIBUTABLE_TRUST_SIGNAL,AGENT_DELEGATION_ABSENT,SKILL_READ_PRESENT,1099,3048,2159,0.7083333333333334,0,1099,SURFACE_ELIGIBLE_RESEARCH_ONLY,,PROMOTE_FOR_SCALE_CANDIDATE_STABILITY_REVIEW,SCALE_CANDIDATE,ACCELERATION_OR_QUALITY_PREMIUM_CANDIDATE_REQUIRES_OUTCOME_EVIDENCE
2026-03-23,2026-05-22,MEDIUM_VELOCITY,INTEGRATED_REPERTOIRE,ATTRIBUTABLE_TRUST_SIGNAL,AGENT_DELEGATION_PRESENT,SKILL_READ_ABSENT,1019,2639,1884,0.7139067828723001,1019,0,SURFACE_ELIGIBLE_RESEARCH_ONLY,,PROMOTE_FOR_SCALE_CANDIDATE_STABILITY_REVIEW,SCALE_CANDIDATE,ACCELERATION_OR_QUALITY_PREMIUM_CANDIDATE_REQUIRES_OUTCOME_EVIDENCE
2026-03-23,2026-05-22,MEDIUM_VELOCITY,INTEGRATED_REPERTOIRE,ATTRIBUTABLE_TRUST_SIGNAL,AGENT_DELEGATION_PRESENT,SKILL_READ_PRESENT,329,928,688,0.7413793103448276,329,329,SURFACE_ELIGIBLE_RESEARCH_ONLY,,PROMOTE_FOR_SCALE_CANDIDATE_STABILITY_REVIEW,SCALE_CANDIDATE,ACCELERATION_OR_QUALITY_PREMIUM_CANDIDATE_REQUIRES_OUTCOME_EVIDENCE
2026-03-23,2026-05-22,MEDIUM_VELOCITY,INTEGRATED_REPERTOIRE,ATTRIBUTABLE_TRUST_SIGNAL,AGENT_DELEGATION_REPEATED,SKILL_READ_ABSENT,3281,9245,5735,0.6203353163872364,3281,0,SURFACE_ELIGIBLE_RESEARCH_ONLY,,PROMOTE_FOR_SCALE_CANDIDATE_STABILITY_REVIEW,SCALE_CANDIDATE,ACCELERATION_OR_QUALITY_PREMIUM_CANDIDATE_REQUIRES_OUTCOME_EVIDENCE
2026-03-23,2026-05-22,MEDIUM_VELOCITY,INTEGRATED_REPERTOIRE,ATTRIBUTABLE_TRUST_SIGNAL,AGENT_DELEGATION_REPEATED,SKILL_READ_PRESENT,649,2236,1396,0.6243291592128801,649,649,SURFACE_ELIGIBLE_RESEARCH_ONLY,,PROMOTE_FOR_SCALE_CANDIDATE_STABILITY_REVIEW,SCALE_CANDIDATE,ACCELERATION_OR_QUALITY_PREMIUM_CANDIDATE_REQUIRES_OUTCOME_EVIDENCE
2026-03-23,2026-05-22,MEDIUM_VELOCITY,INTEGRATED_REPERTOIRE,INSUFFICIENT_TRUST_EVIDENCE,AGENT_DELEGATION_ABSENT,SKILL_READ_ABSENT,121165,0,0,,0,0,SURFACE_ELIGIBLE_RESEARCH_ONLY,,HOLD_FOR_TRUST_EVIDENCE_GAP,TRUST_EVIDENCE_GAP,UNCLASSIFIED_TRUST_LOOP_INVESTIGATION
2026-03-23,2026-05-22,MEDIUM_VELOCITY,INTEGRATED_REPERTOIRE,INSUFFICIENT_TRUST_EVIDENCE,AGENT_DELEGATION_ABSENT,SKILL_READ_PRESENT,13766,0,0,,0,13766,SURFACE_ELIGIBLE_RESEARCH_ONLY,,HOLD_FOR_TRUST_EVIDENCE_GAP,TRUST_EVIDENCE_GAP,UNCLASSIFIED_TRUST_LOOP_INVESTIGATION
2026-03-23,2026-05-22,MEDIUM_VELOCITY,INTEGRATED_REPERTOIRE,INSUFFICIENT_TRUST_EVIDENCE,AGENT_DELEGATION_PRESENT,SKILL_READ_ABSENT,16274,0,0,,16274,0,SURFACE_ELIGIBLE_RESEARCH_ONLY,,HOLD_FOR_TRUST_EVIDENCE_GAP,TRUST_EVIDENCE_GAP,UNCLASSIFIED_TRUST_LOOP_INVESTIGATION
2026-03-23,2026-05-22,MEDIUM_VELOCITY,INTEGRATED_REPERTOIRE,INSUFFICIENT_TRUST_EVIDENCE,AGENT_DELEGATION_PRESENT,SKILL_READ_PRESENT,2302,0,0,,2302,2302,SURFACE_ELIGIBLE_RESEARCH_ONLY,,HOLD_FOR_TRUST_EVIDENCE_GAP,TRUST_EVIDENCE_GAP,UNCLASSIFIED_TRUST_LOOP_INVESTIGATION
2026-03-23,2026-05-22,MEDIUM_VELOCITY,INTEGRATED_REPERTOIRE,INSUFFICIENT_TRUST_EVIDENCE,AGENT_DELEGATION_REPEATED,SKILL_READ_ABSENT,31747,0,0,,31747,0,SURFACE_ELIGIBLE_RESEARCH_ONLY,,HOLD_FOR_TRUST_EVIDENCE_GAP,TRUST_EVIDENCE_GAP,UNCLASSIFIED_TRUST_LOOP_INVESTIGATION
2026-03-23,2026-05-22,MEDIUM_VELOCITY,INTEGRATED_REPERTOIRE,INSUFFICIENT_TRUST_EVIDENCE,AGENT_DELEGATION_REPEATED,SKILL_READ_PRESENT,2974,0,0,,2974,2974,SURFACE_ELIGIBLE_RESEARCH_ONLY,,HOLD_FOR_TRUST_EVIDENCE_GAP,TRUST_EVIDENCE_GAP,UNCLASSIFIED_TRUST_LOOP_INVESTIGATION
2026-03-23,2026-05-22,MEDIUM_VELOCITY,INTEGRATED_REPERTOIRE,TRUST_SIGNAL_AVAILABLE_BUT_HELD,AGENT_DELEGATION_ABSENT,SKILL_READ_ABSENT,2521,5437,0,0.0,0,0,SURFACE_ELIGIBLE_RESEARCH_ONLY,,HOLD_FOR_TRUST_EVIDENCE_GAP,TRUST_EVIDENCE_GAP,UNCLASSIFIED_TRUST_LOOP_INVESTIGATION
2026-03-23,2026-05-22,MEDIUM_VELOCITY,INTEGRATED_REPERTOIRE,TRUST_SIGNAL_AVAILABLE_BUT_HELD,AGENT_DELEGATION_ABSENT,SKILL_READ_PRESENT,298,577,0,0.0,0,298,SURFACE_ELIGIBLE_RESEARCH_ONLY,,HOLD_FOR_TRUST_EVIDENCE_GAP,TRUST_EVIDENCE_GAP,UNCLASSIFIED_TRUST_LOOP_INVESTIGATION
2026-03-23,2026-05-22,MEDIUM_VELOCITY,INTEGRATED_REPERTOIRE,TRUST_SIGNAL_AVAILABLE_BUT_HELD,AGENT_DELEGATION_PRESENT,SKILL_READ_ABSENT,319,549,0,0.0,319,0,SURFACE_ELIGIBLE_RESEARCH_ONLY,,HOLD_FOR_TRUST_EVIDENCE_GAP,TRUST_EVIDENCE_GAP,UNCLASSIFIED_TRUST_LOOP_INVESTIGATION
2026-03-23,2026-05-22,MEDIUM_VELOCITY,INTEGRATED_REPERTOIRE,TRUST_SIGNAL_AVAILABLE_BUT_HELD,AGENT_DELEGATION_PRESENT,SKILL_READ_PRESENT,66,103,0,0.0,66,66,SURFACE_ELIGIBLE_RESEARCH_ONLY,,HOLD_FOR_TRUST_EVIDENCE_GAP,TRUST_EVIDENCE_GAP,UNCLASSIFIED_TRUST_LOOP_INVESTIGATION
2026-03-23,2026-05-22,MEDIUM_VELOCITY,INTEGRATED_REPERTOIRE,TRUST_SIGNAL_AVAILABLE_BUT_HELD,AGENT_DELEGATION_REPEATED,SKILL_READ_ABSENT,529,893,0,0.0,529,0,SURFACE_ELIGIBLE_RESEARCH_ONLY,,HOLD_FOR_TRUST_EVIDENCE_GAP,TRUST_EVIDENCE_GAP,UNCLASSIFIED_TRUST_LOOP_INVESTIGATION
2026-03-23,2026-05-22,MEDIUM_VELOCITY,INTEGRATED_REPERTOIRE,TRUST_SIGNAL_AVAILABLE_BUT_HELD,AGENT_DELEGATION_REPEATED,SKILL_READ_PRESENT,90,127,0,0.0,90,90,SURFACE_ELIGIBLE_RESEARCH_ONLY,,HOLD_FOR_TRUST_EVIDENCE_GAP,TRUST_EVIDENCE_GAP,UNCLASSIFIED_TRUST_LOOP_INVESTIGATION
2026-03-23,2026-05-22,MEDIUM_VELOCITY,INTEGRATED_REPERTOIRE,TRUST_SIGNAL_WITH_ALIASING,AGENT_DELEGATION_ABSENT,SKILL_READ_ABSENT,19582,53304,0,0.0,0,0,SURFACE_ELIGIBLE_RESEARCH_ONLY,,HOLD_FOR_TRUST_EVIDENCE_GAP,TRUST_EVIDENCE_GAP,UNCLASSIFIED_TRUST_LOOP_INVESTIGATION
2026-03-23,2026-05-22,MEDIUM_VELOCITY,INTEGRATED_REPERTOIRE,TRUST_SIGNAL_WITH_ALIASING,AGENT_DELEGATION_ABSENT,SKILL_READ_PRESENT,3976,11950,0,0.0,0,3976,SURFACE_ELIGIBLE_RESEARCH_ONLY,,HOLD_FOR_TRUST_EVIDENCE_GAP,TRUST_EVIDENCE_GAP,UNCLASSIFIED_TRUST_LOOP_INVESTIGATION
2026-03-23,2026-05-22,MEDIUM_VELOCITY,INTEGRATED_REPERTOIRE,TRUST_SIGNAL_WITH_ALIASING,AGENT_DELEGATION_PRESENT,SKILL_READ_ABSENT,3343,8304,0,0.0,3343,0,SURFACE_ELIGIBLE_RESEARCH_ONLY,,HOLD_FOR_TRUST_EVIDENCE_GAP,TRUST_EVIDENCE_GAP,UNCLASSIFIED_TRUST_LOOP_INVESTIGATION
2026-03-23,2026-05-22,MEDIUM_VELOCITY,INTEGRATED_REPERTOIRE,TRUST_SIGNAL_WITH_ALIASING,AGENT_DELEGATION_PRESENT,SKILL_READ_PRESENT,819,2108,0,0.0,819,819,SURFACE_ELIGIBLE_RESEARCH_ONLY,,HOLD_FOR_TRUST_EVIDENCE_GAP,TRUST_EVIDENCE_GAP,UNCLASSIFIED_TRUST_LOOP_INVESTIGATION
2026-03-23,2026-05-22,MEDIUM_VELOCITY,INTEGRATED_REPERTOIRE,TRUST_SIGNAL_WITH_ALIASING,AGENT_DELEGATION_REPEATED,SKILL_READ_ABSENT,8857,20135,0,0.0,8857,0,SURFACE_ELIGIBLE_RESEARCH_ONLY,,HOLD_FOR_TRUST_EVIDENCE_GAP,TRUST_EVIDENCE_GAP,UNCLASSIFIED_TRUST_LOOP_INVESTIGATION
2026-03-23,2026-05-22,MEDIUM_VELOCITY,INTEGRATED_REPERTOIRE,TRUST_SIGNAL_WITH_ALIASING,AGENT_DELEGATION_REPEATED,SKILL_READ_PRESENT,1388,3479,0,0.0,1388,1388,SURFACE_ELIGIBLE_RESEARCH_ONLY,,HOLD_FOR_TRUST_EVIDENCE_GAP,TRUST_EVIDENCE_GAP,UNCLASSIFIED_TRUST_LOOP_INVESTIGATION
